Stev0se:/stev0se-cfg-csgo
simix:/simix-cfg-csgo
n0tice:/n0tice-cfg-csgo
xdENiSZERA:/xdeniszera-cfg-csgo
Shady:/shady-cfg-csgo
nexa:/nexa-cfg-csgo
FASHR:/fashr-cfg-csgo
k1to:/k1to-cfg-csgo
F1KU:/f1ku-cfg-csgo
regali:/regali-cfg-csgo
jL:/jl-cfg-csgo
Aleksib:/aleksib-cfg-csgo
iM:/im-cfg-csgo
nipl:/nipl-cfg-csgo
electronic:/electronic-cfg-csgo
Perfecto:/perfecto-cfg-csgo
elybalich88:/elybalich88-cfg
delboNi:/delboni-cfg-csgo
ryu:/ryu-cfg-csgo
Rezst:/rezst-cfg-csgo
CrePoW:/crepow-cfg-csgo
yoom:/yoom-cfg-csgo
Askan:/askan-cfg-csgo
metori:/metori-cfg
Kristou:/kristou-cfg-csgo
ckzao:/ckzao-cfg-csgo
detr0ittJ:/detr0ittj-cfg-csgo
danoco:/danoco-cfg-csgo
realz1n:/realz1n-cfg-csgo
honda:/honda-cfg-csgo
akiyanora:/akiyanora-cfg
Averona:/averona-cfg
leAce:/leace-cfg
anttzz:/anttzz-cfg-csgo
bogemtdarf:/bogemtdarf-cfg-csgo
Ausar:/ausar-cfg-csgo
exCi:/exci-cfg-csgo
saffee:/saffee-cfg-csgo
hardzao:/hardzao-cfg-csgo
chay:/chay-cfg-csgo
ALLE:/alle-cfg-csgo
steel:/steel-cfg-csgo
JDC:/jdc-cfg-csgo
irbitka:/irbitka-cfg
ifan:/ifan-cfg
AcilioN:/acilion-cfg-csgo
Fessor:/fessor-cfg-csgo
Equip:/equip-cfg-csgo
J3nsyy:/j3nsyy-cfg-csgo
tOPZ:/topz-cfg-csgo
kory:/kory-cfg-csgo
ScrunK:/scrunk-cfg-csgo
HEN1:/hen1-cfg-csgo
drop:/drop-cfg-csgo
GFi:/gfi-cfg
suns1de:/suns1de-cfg
viz:/viz-sweden-cfg-csgo
Focus:/focus-cfg
Wonder:/wonder-cfg
Lindcs:/lindcs-cfg
MaiL09:/mail09-cfg
NBK-:/nbk-cfg-csgo
bodyy:/bodyy-cfg-csgo
mhL:/mhl-cfg-csgo
BOROS:/boros-cfg-csgo
SkulL:/skull-cfg-csgo
damyo:/damyo-cfg-csgo
N1ghtraid:/n1ghtraid-cfg-csgo
forevint:/forevint-cfg
Jry:/jry-cfg
Nekiy:/nekiy-cfg
m1lzor:/m1lzor-cfg
sunshine:/sunshine-cfg
kl1m:/kl1m-cfg
Diray:/diray-cfg-csgo
l0rd-dll:/l0rd-dll-cfg-csgo
souz4h:/souz4h-cfg-csgo
pmk:/pmk-cfg
ultra:/ultra-cfg-csgo
nestlareN:/nestlaren-cfg-csgo
er9k:/er9k-cfg-csgo
gubi:/gubi-cfg-csgo
Myekry:/myekry-cfg
s1cklxrd:/s1cklxrd-cfg
vincso:/vincso-cfg
Gonzo:/gonzo-cfg-csgo
Andrew:/andrew-usa-cfg-csgo
Drewtheshrew:/drewtheshrew-cfg-csgo
HexT:/hext-cfg-csgo
Walco:/walco-cfg-csgo
Jeorge:/jeorge-cfg-csgo
Junior:/junior-cfg-csgo
Brehze:/brehze-cfg-csgo
neaLaN:/nealan-cfg-csgo
wiz:/wiz-cfg-csgo
refrezh:/refrezh-cfg-csgo
RUSH:/rush-cfg-csgo
desh:/desh-cfg-csgo
Leomonster:/leomonster-cfg-csgo
w1:/w1-cfg-csgo
BobZ:/bobz-cfg-csgo
v1spel:/v1spel-cfg
mblw:/mblw-cfg-csgo
Hazel:/hazel-cfg-csgo
Project90:/project90-cfg-csgo
lub:/lub-cfg-csgo
EliGE:/elige-cfg-csgo
FaNg:/fang-cfg-csgo
Olga:/olga-cfg-csgo
w0nderful:/w0nderful-cfg-csgo
s1ren:/s1ren-cfg-csgo
roz:/roz-cfg-csgo
NEKIZ:/nekiz-cfg-csgo
n9xtz:/n9xtz-cfg-csgo
Omichella:/omichella-cfg
Rainwaker:/rainwaker-cfg-csgo
Patsi:/patsi-cfg-csgo
dupreeh:/dupreeh-cfg-csgo
flameZ:/flamez-cfg-csgo
DemQQ:/demqq-cfg-csgo
b0RUP:/b0rup-cfg-csgo
Staehr:/staehr-cfg-csgo
Altekz:/altekz-cfg-csgo
Xyp9x:/xyp9x-cfg-csgo
gla1ve:/gla1ve-cfg-csgo
Infinite:/infinite-cfg-csgo
sl3nd:/sl3nd-cfg-csgo
Q-Q:/q-q-cfg-csgo
Raijin:/raijin-cfg-csgo
X5G7V:/x5g7v-cfg-csgo
SHIFTZZZ:/shiftzzz-cfg-csgo
PANIX:/panix-cfg-csgo
kyuubii:/kyuubii-cfg-csgo
Soulfly:/soulfly-cfg-csgo
kinqie:/kinqie-cfg-csgo
executor:/executor-cfg-csgo
j3zyy:/j3zyy-cfg-csgo
nota:/nota-cfg-csgo
tex1y:/tex1y-cfg-csgo
Spongey:/spongey-cfg-csgo
J0LZ:/jolz-cfg-csgo
consti:/consti-cfg-csgo
byr9:/byr9-cfg-csgo
s4ltovsk1yy:/s4-cfg-csgo
kL1o:/kl1o-cfg-csgo
kensizor:/kensizor-cfg-csgo
Lucky_Cryak1:/lucky_cryak-cfg
Tender:/tender-cfg-csgo
Pluto:/pluto-cfg-csgo
mantuu:/mantuu-cfg-csgo
s1n:/s1n-cfg-csgo
prosus:/prosus-cfg-csgo
Edward:/edward-cfg-csgo
Hyped:/hyped-cfg-csgo
bondik:/bondik-cfg-csgo
Smash:/smash-cfg-csgo
MUV:/muv-cfg-csgo
t3ns1on:/t3ns1on-cfg-csgo
faveN:/faven-cfg-csgo
Ducky:/ducky-cfg-csgo
eraa:/eraa-cfg-csgo
LNZ:/lnz-cfg-csgo
nilo:/nilo-cfg-csgo
adamb:/adamb-cfg-csgo
maxster:/maxster-cfg-csgo
kAlash:/kalash-cfg-csgo
ADRON:/adron-cfg-csgo
bokor:/bokor-cfg-csgo
Blogg1s:/blogg1s-cfg-csgo
lauNX:/launx-cfg-csgo
NEOFRAG:/neofrag-cfg-csgo
degster:/degster-cfg-csgo
dare:/dare-cfg-csgo
shane:/shane-cfg-csgo
Nifty:/nifty-cfg-csgo
Dengzoe:/dengzoe-cfg-csgo
nut nut:/nut_nut-cfg-csgo
foam:/foam-cfg-csgo
Sukker:/sukker-cfg-csgo
misutaaa:/misutaaa-cfg-csgo
El1an:/el1an-cfg-csgo
nitzie:/nitzie-cfg-csgo
The eLiVe:/the-elive-cfg-csgo
MATYS:/matys-cfg-csgo
sAvana1:/savana1-cfg-csgo
T4gg3D:/t4gg3d-cfg-csgo
t0kk:/t0kk-cfg-csgo
Hkta:/hkta-cfg-csgo
munch:/munch-cfg-csgo
m1she4ka:/m1she4ka-cfg-csgo
Burmylov:/burmylov-cfg-csgo
Jyo:/jyo-cfg-csgo
xsepower:/xsepower-cfg-csgo
BELCHONOKK:/belchonokk-cfg-csgo
Synyx:/synyx-cfg-csgo
1eeR:/1eer-cfg-csgo
oskar:/oskar-cfg-csgo
ZEDKO:/zedko-cfg-csgo
beastik:/beastik-cfg-csgo
SHOCK:/shock-cfg-csgo
KWERTZZ:/kwertzz-cfg-csgo
Enzo:/enzo-cfg-csgo
darchevile:/darchevile-cfg-csgo
tomiko:/tomiko-cfg-csgo
maaryy:/maaryy-cfg-csgo
asran:/asran-cfg-csgo
snatchie:/snatchie-cfg-csgo
PlesseN:/plessen-cfg-csgo
AJTT:/ajtt-cfg-csgo
red:/red-cfg-csgo
ritchiEE:/ritchiee-csgo-cfg
Katherine:/katherine-cfg-csgo
Margo:/margo-cfg-csgo
ayaka:/ayaka-cfg-csgo
meo:/meo-cfg-csgo
emi:/emi-cfg-csgo
Freeman:/freeman-cfg-csgo
SLOWLY:/slowly-cfg-csgo
sk0R:/sk0r-cfg-csgo
ROGA:/roga-cfg-csgo
xseveN:/xseven-cfg-csgo
sLowi:/slowi-cfg-csgo
ottoNd:/ottond-cfg-csgo
Airax:/airax-cfg-csgo
Banjo:/banjo-cfg-csgo
Lack1:/lack1-cfg-csgo
SELLTER:/sellter-cfg-csgo
KENSI:/kensi-cfg-csgo
Norwi:/norwi-cfg-csgo
latt1kk:/latt1kk-cfg-csgo
MUTiRiS:/mutiris-cfg-csgo
rmn:/rmn-cfg-csgo
story:/story-cfg-csgo
ewjerkz:/ewjerkz-cfg-csgo
arrozdoce:/arrozdoce-cfg-csgo
advent:/advent-cfg-csgo
Kaze:/kaze-cfg-csgo
JamYoung:/jamyoung-cfg-csgo
Mercury:/mercury-cfg-csgo
Moseyuh:/moseyuh-cfg-csgo
hasteka:/hasteka-cfg-csgo
bLitz:/blitz-cfg-csgo
Techno:/techno4k-cfg-csgo
mzinho:/mzinho-cfg-csgo
910:/910-cfg-csgo
mizu:/mizu-cfg-csgo
gokushima:/gokushima-cfg-csgo
swiftsteel:/swiftsteel-cfg-csgo
casE:/case-cfg-csgo
manguss:/manguss-cfg-csgo
MoriiSko:/moriisko-cfg-csgo
Pechyn:/pechyn-cfg-csgo
M1key:/m1key-cfg-csgo
AZUWU:/azuwu-cfg-csgo
dox:/dox-cfg-csgo
leaf:/leaf-cfg-csgo
shyyne:/shyyne-cfg-csgo
Ruler:/ruler-cfg-csgo
CyanideJr:/cyanidejr-cfg
abr:/abr-cfg-csgo
CutzMeretz:/cutzmeretz-cfg-csgo
supLex:/suplex-cfg-csgo
Alisson:/alisson-cfg-csgo
kurg4n:/kurgan-cfg-csgo
lealziNho:/lealzinho-cfg-csgo
suNday:/sunday-cfg
gh:/gh-cfg-csgo
Lich:/lich-cfg-csgo
krii:/krii-cfg-csgo
P4TriCK:/p4trick-cfg-csgo
fNk:/fnk-cfg-csgo
shield:/shield-cfg-csgo
keen:/keen-cfg-csgo
riskyb0b:/riskyb0b-cfg-csgo
Polt:/polt-cfg-csgo
k4sl:/k4sl-cfg-csgo
Xant3r:/xant3r-cfg-csgo
Pipw:/pipw-cfg-csgo
hampus:/hampus-cfg-csgo
h4rn:/h4rn-cfg-csgo
SLY:/sly-cfg-csgo
maxe:/maxe-cfg-csgo
impulsG:/impuslg-cfg-csgo
Pashorty:/pashorty-cfg-csgo
sonq:/sonq-cfg
Ace4k:/ace4k-cfg
wonderzce:/wonderzce-cfg
Topa:/topa-cfg-csgo
Kvem:/kvem-cfg-csgo
Starry:/starry-cfg-csgo
Nelly:/nelly-cfg-csgo
TENZKI:/tenzki-cfg-csgo
grux:/grux-cfg-csgo
falshee:/falshee-cfg-csgo
ultimate:/ultimate-cfg-csgo
consss:/consss-cfg-csgo
eku:/eku-cfg-csgo
Wahtzz:/wahtzz-cfg-csgo
fejtZ:/fejtz-cfg-csgo
aNdu:/andu-cfg-csgo
suNny:/sunny-cfg-csgo
NaToSaphiX:/natosaphix-cfg-csgo
doto:/doto-cfg-csgo
Maze:/maze-cfg-csgo
milky:/milky-cfg-csgo
Hobbit:/hobbit-cfg-csgo
buster:/buster-cfg-csgo
Ax1Le:/ax1le-cfg-csgo
sh1ro:/sh1ro-cfg-csgo
nafany:/nafany-cfg-csgo
cadiaN:/cadian-cfg-csgo
stavn:/stavn-cfg-csgo
TeSeS:/teses-cfg-csgo
sjuush:/sjuush-cfg-csgo
Jabbi:/jabbi-cfg-csgo
frostezoR:/frostezor-cfg-csgo
karrigan:/karrigan-cfg-csgo
rain:/rain-cfg-csgo
Twistzz:/twistzz-cfg-csgo
ropz:/ropz-cfg-csgo
broky:/broky-cfg-csgo
fury5k:/fury5k-cfg-csgo
shinobi:/shinobi-cfg-csgo
dobu:/dobu-cfg-csgo
kabal:/kabal-cfg-csgo
yAmi:/yami-cfg-csgo
cool4st:/cool4st-cfg-csgo
MiQ:/miq-cfg-csgo
apEX:/apex-cfg-csgo
Magisk:/magisk-cfg-csgo
ZywOo:/zywoo-cfg-csgo
Spinx:/spinx-cfg-csgo
NiKo:/niko-cfg-csgo
huNter-:/hunter-cfg-csgo
jks:/jks-cfg-csgo
HooXi:/hooxi-cfg-csgo
m0NESY:/m0nesy-cfg-csgo
Kobe:/kobe-cfg
k4nfuz:/k4nfuz-cfg-csgo
zEfNOT:/zefnot-cfg-csgo
Rf:/rf-cfg-csgo
Mr Shark:/mr_shark-cfg
bogeymanh:/bogeymanh-cfg
husky:/husky-cfg-csgo
vLa:/vla-cfg-csgo
AJaxz:/ajaxz-cfg-csgo
cynic:/cynic-cfg-csgo
Umar:/umar-cfg-csgo
isk:/isk-cfg-csgo
RAiLWAY:/railway-cfg-csgo
Magnojez:/magnojez-cfg-csgo
RustyYG:/rustyyg-cfg
cAmyy:/camyy-cfg-csgo
DaDte:/dadte-cfg-csgo
sesL:/sesl-cfg-csgo
j1NZO:/j1nzo-cfg-csgo
niko:/niko-cfg-csgo-denmark
ramziiN:/ramzzin-cfg-csgo
shin:/shin-cfg-csgo
reizk:/reizk-cfg-csgo
Patafix:/patafix-cfg-csgo
Mewpy:/mewpy-cfg-csgo
Annihilation:/annihilation-cfg-csgo
Bart4k:/bart4k-cfg-csgo
malik:/malik-cfg-csgo
almazer:/almazer-cfg-csgo
d4rty:/d4rtymontana-cfg-csgo
draken:/draken-cfg-csgo
RuStY:/rusty-cfg-csgo
Quality:/quality-cfg-csgo
fola:/fola-cfg-csgo
Kenshin:/kenshin-cfg-csgo
boN1s:/bon1s-cfg-csgo
JBa:/jba-cfg-csgo
yel:/yel-cfg-csgo
kritik:/kritik-cfg-csgo
takanashi:/takanashi-cfg-csgo
h1ghnesS:/h1ghness-cfg-csgo
Ed1m:/ed1m-cfg-csgo
N0R1:/n0r1-cfg-csgo
kreaz:/kreaz-cfg-csgo
oxygeN:/oxygen-cfg-csgo
fnl:/fnl-cfg-csgo
hugilago:/hugilago-cfg-csgo
Tuurtle:/tuurtle-cfg-csgo
JT:/jt-cfg-csgo
floppy:/floppy-cfg-csgo
hallzerk:/hallzerk-cfg-csgo
Grim:/grim-cfg-csgo
autimatic:/autimatic-cfg-csgo
max:/max-cfg-csgo
dgt:/dgt-cfg-csgo
dav1d:/dav1d-cfg-csgo
try:/try-cfg-csgo
buda:/buda-cfg-csgo
KRIMZ:/krimz-cfg-csgo
nicoodoz:/nicoodoz-cfg-csgo
roeJ:/roej-cfg-csgo
mezii:/mezii-cfg-csgo
cJ:/cj-cfg-csgo
MarKE:/marke-cfg-csgo
Bwills:/bwills-cfg-csgo
nosraC:/nosrac-cfg-csgo
Martin:/martin-cfg-csgo
Tsogoo:/tsogoo-cfg-csgo
ncl:/ncl-cfg-csgo
eksiver:/eksiver-cfg-csgo
n1ssim:/n1ssim-cfg-csgo
byali:/byali-cfg-csgo
stYleEeZ:/styleeez-cfg-csgo
akez:/akez-cfg-csgo
mikki:/mikki-cfg-csgo
Jimbo:/jimbo-cfg-csgo
PALM1:/palm1-cfg-csgo
nitr0:/nitr0-cfg-csgo
rainny:/rainny-cfg-csgo
Frip:/frip-cfg-csgo
Mairel:/mairel-cfg-csgo
NickelBack:/nickelback-cfg-csgo
Boombl4:/boombl4-cfg-csgo
Forester:/forester-cfg-csgo
TRAVIS:/travis-cfg-csgo
deko:/deko-cfg-csgo
qikert:/qikert-cfg-csgo
Jame:/jame-cfg-csgo
FL1T:/fl1t-cfg-csgo
n0rb3r7:/n0rb3r7-cfg-csgo
fame:/fame-cfg-csgo
Yangue:/yangue-cfg-csgo
Ant1ka:/ant1ka-cfg-csgo
robo:/robo-cfg-csgo
cheerful:/cheerful-cfg-csgo
Shed0Z:/shed0z-cfg-csgo
fr3nd:/fr3nd-cfg-csgo
CANKU7:/canku7-cfg-csgo
mo5kow:/mo5kow-cfg-csgo
BTN:/btn-cfg-csgo
ragga:/ragga-cfg-csgo
smekk-:/smekk-cfg-csgo
adamS:/adams-cfg-csgo
MoDo:/modo-cfg-csgo
colorzz:/colorzz-cfg-csgo
kwezz:/kwezz-cfg-csgo
Lucky:/lucky-cfg-csgo-danish
Cabbi:/cabbi-cfg-csgo
IceBerg:/iceberg-cfg-csgo
Anlelele:/anlelele-cfg-csgo
ayduchiks:/ayduchiks-cfg-csgo
Juntella:/juntella-cfg-csgo
Rony4ka:/rony4ka-cfg-csgo
Zeus:/zeus-cfg-csgo
mason:/mason-cfg-csgo
Louie:/louie-cfg-csgo
Pugg:/pugg-cfg-csgo
PoseidoNN:/poseidonn-cfg-csgo
vhw:/vhw-cfg-csgo
scar:/scar-cfg-csgo
SummY:/summy-cfg-csgo
joel:/joel-cfg-csgo
pr1metapz:/pr1metapz-cfg-csgo
tamir:/tamir-cfg-csgo
tomaszin:/tomaszin-cfg-csgo
Luken:/luken-cfg-csgo
austin:/austin-cfg-csgo
micro:/micro-cfg-csgo
DANK1NG:/dank1ng-cfg-csgo
aristo:/aristo-cfg-csgo
Attacker:/attacker-cfg-csgo
Summer:/summer-cfg-csgo
v1d:/v1d-cfg-csgo
s1ck:/s1ck-cfg-csgo
ALEXJ:/alexj-cfg-csgo
dFx:/dfx-cfg-csgo
LKN:/lkn-cfg-csgo
Klameczka:/klameczka-cfg-csgo
bajmi:/bajmi-cfg-csgo
ex1st:/ex1st-cfg-csgo
Flayy:/flayy-cfg-csgo
Majster:/majster-cfg-csgo
ANASTAZE:/anastaze-cfg-csgo
shutout:/shutout-cfg-csgo
rzk:/rzk-cfg-csgo
anber:/anber-cfg-csgo
Speedy:/speedy-cfg-csgo
Griller:/griller-cfg-csgo
kyson:/kyson-cfg-csgo
noise:/noise-cfg-csgo
jokes:/jokes-cfg-csgo
Noisia:/noisia-cfg-csgo
James:/james-cfg-csgo
RaZ:/raz-cfg-csgo
PALADIN:/paladin-cfg-csgo
nooz:/nooz-cfg-csgo
PNDLM:/pndlm-cfg-csgo
Scottiyio:/scottiyio-cfg-csgo
Millz:/millz-cfg-csgo
FL4MUS:/fl4mus-cfg-csgo
kise:/kise-cfg-csgo
sstiNiX:/sstinix-cfg-csgo
juaniv:/juaniv-cfg-csgo
nyezin:/nyezin-cfg-csgo
cass1n:/cass1n-cfg-csgo
xureba:/xureba-cfg-csgo
leakz:/leakz-cfg-csgo
Boye:/boye-cfg-csgo
Radifaction:/radifaction-cfg-csgo
BFR:/bfr-cfg-csgo
ztk:/ztk-cfg-csgo
Mgk:/mgk-cfg-csgo
gejmzilla:/gejmzilla-cfg-csgo
v1w:/v1w-cfg-csgo
cerber:/cerber-cfg-csgo
Feral:/feral-cfg-csgo
leen:/leen-cfg-csgo
hurtslxrd:/hurtslxrd-cfg-csgo
BHACCUS:/bhaccus-cfg-csgo
reCALEEEED:/recaleeeed-cfg-csgo
N4MEKz:/n4mekz-cfg-csgo
AntoN:/anton-cfg-csgo
muSh:/mush-cfg-csgo
ph1:/ph1-cfg-csgo
Vaegten:/vaegten-cfg-csgo
Jonji:/jonji-cfg-csgo
WolfY:/wolfy-cfg-csgo
Swisher:/swisher-cfg-csgo
MisteM:/mistem-cfg-csgo
reck:/reck-cfg-csgo
abizz:/abizz-cfg-csgo
peqexino:/peqexino-cfg-csgo
KEL:/kel-cfg-csgo
mawth:/mawth-cfg-csgo
lcf:/lcf-cfg-csgo
Farlig:/farlig-cfg-csgo
raalz:/raalz-cfg-csgo
TMB:/tmb-cfg-csgo
birdfromsky:/birdfromsky-cfg-csgo
Yokowow:/yokowow-cfg-csgo
gonza:/gonza-cfg-csgo
guidimon:/guidimon-cfg-csgo
NikoM:/nikom-cfg-csgo
nacho:/nacho-cfg-csgo
jnt:/jnt-cfg-csgo
Aerial:/aerial-cfg-csgo
JAUSTERE:/jaustere-cfg-csgo
moshi:/moshi-cfg-csgo
DeXter:/dexter-uk-cfg-csgo
mrhui:/mrhui-cfg-csgo
happ:/happ-cfg-csgo
kelieN:/kelien-cfg-csgo
Sdaim:/sdaim-cfg-csgo
fen2k:/fen2k-cfg-csgo
jambo:/jambo-cfg-csgo
xCAPE:/xcape-cfg-csgo
nicx:/nicx-cfg-csgo
gabs:/gabs-cfg-csgo
s1non:/s1non-cfg-csgo
REDSTAR:/redstar-cfg-csgo
history:/history-cfg-csgo
zeroxd:/zeroxd-cfg-csgo
Fr3nk1e:/fr3nk1e-cfg-csgo
SALO_MUX:/salo_mux-cfg-csgo
Straxy:/straxy-cfg-csgo
bsover:/bsover-cfg-csgo
naesman:/naesman-cfg-csgo
looky:/looky-cfg-csgo
PR:/pr-cfg-csgo-czech
ALONZO:/alonzo-cfg-csgo
qqGOD:/qqgod-cfg-csgo
STYKO:/styko-cfg-csgo
jkaem:/jkaem-cfg-csgo
nawwk:/nawwk-cfg-csgo
kyxsan:/kyxsan-cfg-csgo
guishu:/guishu-cfg-csgo
sdy:/somedieyoung-cfg-csgo
Woro2k:/woro2k-cfg-csgo
kRaSnaL:/krasnal-cfg-csgo
snav:/snav-cfg-csgo
Yakuza:/yakuza-cfg-csgo-russia
mediocrity:/mediocrity-cfg-csgo
weqt2:/weqt2-cfg-csgo
NAF:/naf-cfg-csgo
oSee:/osee-cfg-csgo
Hatz:/hatz-cfg-csgo
sterling:/sterling-cfg-csgo
YEKINDAR:/yekindar-cfg-csgo
Liki:/liki-cfg-csgo
SaVage:/savage-cfg-csgo
TjP:/tjp-cfg-csgo
Snappi:/snappi-cfg-csgo
Nertz:/nertz-cfg-csgo
Maden:/maden-cfg-csgo
dycha:/dycha-cfg-csgo
SunPayus:/sunpayus-cfg-csgo
k0nfig:/k0nfig-cfg-csgo
REZ:/rez-cfg-csgo
Brollan:/brollan-cfg-csgo
headtr1ck:/headtr1ck-cfg-csgo
arT:/art-cfg-csgo
yuurih:/yuurih-cfg-csgo
KSCERATO:/kscerato-cfg-csgo
rigoN:/rigon-cfg-csgo
SENER1:/sener1-cfg-csgo
juanflatroo:/juanflatroo-cfg-csgo
sinnopsyy:/sinnopsyy-cfg-csgo
gxx-:/gxx-cfg-csgo
mynio:/mynio-cfg-csgo
Goofy:/goofy-cfg-csgo
hades:/hades-cfg-csgo
KEi:/kei-cfg-csgo
Kylar:/kylar-cfg-csgo
manka:/manka-cfg-csgo
ReFuZR:/refuzr-cfg-csgo
ewrzyn:/ewrzyn-cfg-csgo
exit:/exit-cfg-csgo
brnz4n:/brnz4n-cfg-csgo
insani:/insani-cfg-csgo
AlekS:/aleks-cfg-csgo
zyyx:/zyyx-cfg-csgo
short:/short-cfg-csgo
woxic:/woxic-cfg-csgo
uQlutzavr:/uqlutzavr-cfg-csgo
MMS:/mms-cfg-csgo
synergii:/synergii-cfg-csgo
jayzaR:/jayzar-cfg-csgo
LeS:/les-cfg-csgo
Murlok:/murlok-cfg-csgo
nin9:/nin9-cfg-csgo
Senzu:/senzu-cfg-csgo
dok:/dok-cfg-csgo
stanislaw:/stanislaw-cfg-csgo
KUN:/kun-cfg-csgo
naz:/naz-cfg-csgo
zock:/zock-cfg-csgo
christo:/christo-cfg-csgo
acoR:/acor-cfg-csgo
Keoz:/keoz-cfg-csgo
siuhy:/siuhy-cfg-csgo
isak:/isak-cfg-csgo
Krad:/krad-cfg-csgo
Jerry:/jerry-cfg-csgo
zorte:/zorte-cfg-csgo
shalfey:/shalfey-cfg-csgo
r3salt:/r3salt-cfg-csgo
dexter:/dexter-cfg-csgo
frozen:/frozen-cfg-csgo
torzsi:/torzsi-cfg-csgo
xertioN:/xertion-cfg-csgo
DEPRESHN:/depreshn-cfg-csgo
Kyojin:/kyojin-cfg-csgo
shox:/shox-cfg-csgo
Sobol:/sobol-cfg-csgo
lunAtic:/lunatic-cfg-csgo
SaMey:/samey-cfg-csgo
reiko:/reiko-cfg-csgo
mASKED:/masked-cfg-csgo
Scr0b:/scr0b-cfg-csgo
kennyS:/kennys-cfg-csgo
Python:/python-cfg-csgo
SoLb:/solb-cfg-csgo
T4RG3T:/t4rg3t-cfg-csgo
b0denmaster:/b0denmaster-cfg-csgo
djay:/djay-cfg-csgo
imoRR:/imorr-cfg-csgo
MERL:/merl-cfg-csgo
Malkiss:/malkiss-cfg-csgo
muR:/mur-cfg-csgo
kr1vda:/kr1vda-cfg-csgo
Maha:/maha-cfg-csgo
sleiden:/sleiden-cfg-csgo
fenny:/fenny-cfg-csgo
zewts:/zewts-cfg-csgo
lom1k:/lom1k-cfg-csgo
lenci:/lenci-cfg-csgo
pavv:/pavv-cfg-csgo
BK1:/bk1-cfg-csgo
atarax1a:/atarax1a-cfg-csgo
fr0slev:/fr0slev-cfg-csgo
Tauson:/tauson-cfg-csgo
sirah:/sirah-cfg-csgo
Le:/le-cfg-csgo
annaEX:/annaex-cfg-csgo
Babs:/babs-cfg-csgo
S3NSEY:/s3nsey-cfg-csgo
skyye:/skyye-cfg-csgo
ArroW:/arrow-cfg-csgo
koala:/koala-cfg-csgo
hoax:/hoax-cfg-csgo
smF:/smf-cfg-csgo
alexsomfan:/alexsomfan-cfg-csgo
Ryxxo:/ryxxo-cfg-csgo
kiR:/kir-cfg-csgo
scott:/scott-cfg-csgo
device:/device-cfg-csgo
blameF:/blamef-cfg-csgo
Buzz:/buzz-cfg-csgo
FeZ:/fez-cfg-csgo
Inspire:/inspire-cfg-csgo
Hansi:/hansi-cfg-csgo
buNNy:/bunny-cfg-csgo
Josefine:/josefine-cfg-csgo
aiM:/aim-cfg-csgo
Emerald:/emerald-cfg-csgo
Zygimage:/zygimage-cfg-csgo
L1GH7n1nG:/l1gh7n1ng-cfg-csg0
sFade8:/sfade8-cfg-csgo
AW:/aw-cfg-csgo
shg:/shg-cfg-csgo
sm3t:/sm3t-cfg-csgo
nifee:/nifee-cfg-csgo
supra:/supra-cfg-csgo
jR:/jr-cfg-csgo
cypress:/cypress-cfg-csgo
svj:/svj-cfg-csgo
FAME:/fame-cfg-csgo-canada
AJP:/ajp-cfg-csgo
Demho:/demho-cfg-csgo
morelz:/morelz-cfg-csgo
TOAO:/toao-cfg-csgo
bnox:/bnox-cfg-csgo
DGL:/dgl-cfg-csgo
aizy:/aizy-cfg-csgo
MSL:/msl-cfg-csgo
Nodios:/nodios-cfg-csgo
bluewhite:/bluewhite-cfg-csgo
faydett:/faydett-cfg-csgo
rexxie:/rexxie-cfg-csgo
phzy:/phzy-cfg-csgo
kinzo:/kinzo-cfg-csgo
TruNiQ:/truniq-cfg-csgo
MAXX:/maxx-cfg-csgo
saadzin:/saadzin-cfg-csgo
zdr:/zdr-cfg-csgo
stormzyn:/stormzyn-cfg-csgo
Griizz:/griizz-cfg-csgo
gulito:/gulito-cfg-csgo
BledarD:/bledard-cfg-csgo
HYPERI1:/hyperi1-cfg-csgo
deb0:/deb0-cfg-csgo
krabeni:/krabeni-cfg-csgo
JaCkz:/jackz-cfg-csgo
Djoko:/djoko-cfg-csgo
Ex3rcice:/ex3rcice-cfg-csgo
Plopski:/plopski-cfg-csgo
ztr:/ztr-cfg-csgo
SHiPZ:/shipz-cfg-csgo
SIXER:/sixer-cfg-csgo
wasiNk:/wasink-cfg-csgo
jeyN:/jeyn-cfg-csgo
NeOo:/neoo-cfg-csgo
s1mple:/s1mple-cfg-csgo
B1T:/b1t-cfg-csgo
jz:/jz-cfg-csgo
fokiu:/fokiu-cfg-csgo
Krs7N:/krs7n-cfg-csgo
Gringo:/gringo-cfg-csgo
s0ne:/sonesb-cfg-csgo
hybrid:/hybrid-cfg-csgo
Skrimo:/scrimo-cfg-csgo
shaiK:/shaik-cfg-csgo
SPELLAN:/spellan-cfg-csgo
eMy:/emy-cfg-csgo
afro:/afroo-cfg-csgo
Snobling:/snobling-cfg-csgo
Graviti:/graviti-cfg-csgo
Brooxsy:/brooxsy-cfg-csgo
mds:/mds-usa-cfg-csgo
HeaveN:/heaven-cfg-csgo
Basso:/basso-cfg-csgo
Vster:/vster-cfg-csgo
kroK:/krok-cfg-csgo
Zanto:/zanto-cfg-csgo
JBOEN:/jboen-cfg-csgo
FalleN:/fallen-cfg-csgo
boltz:/boltz-cfg-csgo
chelo:/chelo-cfg-csgo
VINI:/vini-cfg-csgo
JOTA:/jota-cfg-csgo
DANVIET:/danviet-cfg-csgo
nolkz:/nolkz-cfg-csgo
Lcm:/lcm-cfg-csgo
gbb:/gbb-cfg-csgo
DeStiNy:/destiny-cfg-csgo
nython:/nython-cfg-csgo
venomzera:/venomzera-cfg-csgo
Marek:/marek-cfg-csgo
zmb:/zmb-cfg-csgo
kauez:/kauez-cfg-csgo
kye:/kye-cfg-csgo
Bruninho:/bruninho-cfg-csgo
mello:/mello-cfg-csgo
unshaark:/unshaark-cfg-csgo
land1n:/land1n-cfg-csgo
tatazin:/tatazin-cfg-csgo
CSO:/cso-cfg-csgo
doc:/doc-cfg-csgo
niki1:/niki1-cfg-csgo
dennyslaw:/dennyslaw-cfg-csgo
Patrick:/patrick-cfg-csgo
kmrn:/kmrn-cfg-csgo
Makzwell:/makzwell-cfg-csgo
chop:/chop-cfg-csgo
malta:/malta-cfg-csgo
BRACE:/brace-cfg-csgo
HaZR:/hazr-cfg-csgo
pz:/pz-cfg-csgo
ADDICT:/addict-cfg-csgo
CLASIA:/clasia-cfg-csgo
motm:/motm-cfg-csgo
MoJo:/mojo-cfg-csgo
NoRules:/norules-cfg-csgo
SnacKZ1:/snackz1-cfg-csgo
felps:/felps-cfg-csgo
WOOD7:/wood7-cfg-csgo
vsm:/vsm-cfg-csgo
Lucaozy:/lucaozy-cfg-csgo
SLIGHT:/slight-cfg-csgo
freshie:/freshie-cfg-csgo
Cryptic:/cryptic-cfg-csgo
brett:/brett-cfg-csgo
SHOOWTiME:/shoowtime-cfg-csgo
Dem0N:/dem0n-cfg-csgo
froz1k:/froz1k-cfg-csgo
UNBR0KEN:/unbr0ken-cfg-csgo
rendY:/rendy-cfg-csgo
nikitea:/nikitea-cfg-csgo
Wicadia:/wicadia-cfg-csgo
xfl0ud:/xfl0ud-cfg-csgo
ImpressioN:/impression-cfg-csgo
xerolte:/xerolte-cfg-csgo
erkaSt:/erkast-cfg-csgo
Gratisfaction:/gratisfaction-cfg-csgo
BnTeT:/bntet-cfg-csgo
XigN:/xign-cfg-csgo
krazy:/krazy-cfg-csgo
MOREE:/moree-cfg-csgo
meztal:/meztal-cfg-csgo
facecrack:/facecrack-cfg-csgo
DavCost:/davcost-cfg-csgo
m1N1:/m1n1-cfg-csgo
B1NGO:/b1ngo-cfg-csgo
xaler:/xaler-cfg-csgo
truth:/truth-cfg-csgo
Grus:/grus-cfg-csgo
Maluk3:/maluk3-cfg-csgo
PR1mE:/pr1me-cfg-csgo
Jelo:/jelo-cfg-csgo
Diviiii:/diviiii-cfg-csgo
drac:/drac-cfg-csgo
SBT:/sbt-cfg-csgo
devoduvek:/devoduvek-cfg-csgo
hns:/hns-cfg-csgo
Gabe:/gabe-cfg-csgo
jchancE:/jchance-cfg-csgo
R1w:/r1w-cfg-csgo
FROZ3N:/froz3n-cfg-csgo
Krimbo:/krimbo-cfg-csgo
tabseN:/tabsen-cfg-csgo
flexeeee:/flexeeee-cfg-csgo
TheM4N:/them4n-cfg-csgo
Jimpphat:/jimpphat-cfg-csgo
Nexius:/nexius-cfg-csgo
Chr1zN:/chr1zn-cfg-csgo
kanii:/kanii-cfg-csgo
bLazE:/blaze-cfg-csgo
Rutk0:/rutk0-cfg-csgo
H4SAN4TOR:/h4san4tor-cfg-csgo
uulis:/uulis-cfg-csgo
leri511:/leri511-cfg-csgo
flamie:/flamie-cfg-csgo
danistzz:/danistzz-cfg-csgo
alpha:/alpha-cfg-csgo
cptkurtka023:/cptkurtka023-cfg-csgo
amster:/amster-cfg-csgo
OWNER:/owner-cfg-csgo
r1nkle:/r1nkle-cfg-csgo
alex666:/alex666-cfg-csgo
AyeZs:/ayezs-cfg-csgo
redux:/redux-cfg-csgo
r1qzor:/r1qzor-cfg-csgo
xavi:/xavi-cfg-csgo
Atrox:/atrox-cfg-csgo
Qweall:/qweall-cfg-csgo
SENSEi:/sensei-cfg-csgo
j3kie:/j3kie-cfg-csgo
Vert:/vert-cfg-csgo
fozil:/fozil-cfg-csgo
enzero:/enzero-cfg-csgo
bq:/bq-cfg-csgo
Jackinho:/jackinho-cfg-csgo
sugaR:/sugar-cfg-csgo
1mpact:/1mpact-cfg-csgo
cmtry:/cmtry-cfg-csgo
luosrevo:/luosrevo-cfg-csgo
DENZSTOU:/denzstou-cfg-csgo
zqk:/zqk-cfg-csgo
f4stzin:/f4stzin-cfg-csgo
biguzera:/biguzera-cfg-csgo
skullz:/skullz-cfg-csgo
zevy:/zevy-cfg-csgo
Dave:/dave-cfg-csgo
tom1jed:/tom1jed-cfg-csgo
AZR:/azr-cfg-csgo
lollipop21k:/lollipop21k-cfg-csgo
snapy:/snapy-cfg-csgo
Ping:/ping-cfg-csgo
Tadpole:/tadpole-cfg-csgo
Gizmy:/gizmy-cfg-csgo
tvs:/tvs-cfg-csgo
Sico:/sico-cfg-csgo
Liazz:/liazz-cfg-csgo
aliStair:/alistair-cfg-csgo
INS:/ins-cfg-csgo
Vexite:/vexite-cfg-csgo
coldzera:/coldzera-cfg-csgo
dumau:/dumau-cfg-csgo
latto:/latto-cfg-csgo
nqz:/nqz-cfg-csgo
ScorpiioooN:/scorpiiooon-cfg-csgo
LUMSEN:/lumsen-cfg-csgo
Ogy:/ogy-cfg-csgo
Consume:/consume-cfg-csgo
Spiidi:/spiidi-cfg-csgo
PerX:/perx-cfg-csgo
awzek:/awzek-cfg-csgo
slaxz-:/slaxz-cfg-csgo
FreeZe:/freeze-cfg-csgo
shz:/shz-cfg-csgo
bensty:/bensty-cfg-csgo
ve1nzo:/ve1nzo-cfg-csgo
Tree:/tree-cfg-csgo
NiNo:/nino-cfg-csgo
AdamJC:/adamjc-cfg-csgo
Wiiam:/wiiam-cfg-csgo
sk1tt:/sk1tt-cfg-csgo
ct0m:/ct0m-cfg-csgo
Swaggy:/swaggy-cfg-csgo
entz:/entz-cfg-csgo
iso:/iso-cfg-csgo
casey:/casey-cfg-csgo
Layner:/layner-cfg-csgo
olimp:/olimp-cfg-csgo
sNx:/snx-cfg-csgo
Geneka:/geneka-cfg-csgo
kenhy:/kenhy-cfg-csgo
splinfao:/splinfao-cfg-csgo
MRN1:/mrn1-cfg-csgo
glowiing:/glowiing-cfg-csgo
pr:/pr-cfg-csgo
aris:/aris-cfg-csgo
FpSSS:/fps-cfg-csgo
fleav:/fleav-cfg-csgo
susp:/susp-cfg-csgo
JUST:/just-cfg-csgo
FRANAR:/franar-cfg-csgo
righi:/righi-cfg-csgo
iDk:/idk-cfg-csgo
pesadelo:/pesadelo-cfg-csgo
clax:/clax-cfg-csgo
iDISBALANCE:/idisbalance-cfg-csgo
Porya:/porya-cfg-csgo
KaiR0N-:/kair0n-cfg-csgo
jarko:/jarko-cfg-csgo
Skejs:/skejs-cfg-csgo
kyossa:/kyossa-cfg-csgo
kr4sy:/kr4sy-cfg-csgo
zAAz:/zaaz-cfg-csgo
Ann4:/ann4-cfg-csgo
juliano:/juliano-cfg-csgo
KiKi:/kiki-cfg-csgo
Minnie:/minnie-cfg-csgo
Nea:/nea-cfg-csgo
CoJoMo:/cojomo-cfg-csgo
pullox:/pullox-cfg-csgo
STAZY:/stazy-cfg-csgo
AmaNEk:/amanek-cfg-csgo
sarenii:/sarenii-cfg-csgo
heiN:/hein-cfg-csgo
addi:/addi-cfg-csgo
shellzi:/shellzi-cfg-csgo
whatz:/whatz-cfg-csgo
RIZZ:/rizz-cfg-csgo
BLOODZ:/bloodz-cfg-csgo
c0llins:/c0llins-cfg-csgo
KalubeR:/kaluber-cfg-csgo
Duplicate:/duplicate-cfg-csgo
ninjaZ:/ninjaz-cfg-csgo
Drobnyy:/drobnyy-cfg-csgo
wvfeun:/wvfeun-cfg-csgo
4qu1la:/4qu1la-cfg-csgo
4r7yy:/4r7yy-cfg-csgo
rkz:/rkz-cfg-csgo
Tionix:/tionix-cfg-csgo
Djury:/djury-cfg-csgo
zaNNN:/zannn-cfg-csgo
Szejn:/szejn-cfg-csgo
flusha:/flusha-cfg-csgo
JW:/jw-cfg-csgo
Sapec:/sapec-cfg-csgo
Peppzor:/peppzor-cfg-csgo
SHiNE:/shine-cfg-csgo
freo:/freo-cfg-csgo
Qlocuu:/qlocuu-cfg-csgo
POLO:/polo-cfg-csgo
nestee:/nestee-cfg-csgo
virtuoso:/virtuoso-cfg-csgo
zyored:/zyored-cfg-csgo
Darber:/darber-cfg-csgo
bery:/bery-cfg-csgo
t9rnay:/t9rnay-cfg-csgo
restik:/restikk-cfg-csgo
PREDI:/predi-cfg-csgo
fakzwall:/fakzwall-cfg-csgo
bichop:/bichop-cfg-csgo
bevve:/bevve-cfg-csgo
Katalic:/katalic-cfg-csgo
GodsNotDead:/godsnotdead-cfg-csgo
Pure_Penguinz:/pure_penguinz-cfg-csgo
cxzi:/cxzi-cfg-csgo
viz:/viz-cfg-csgo
ben1337:/ben1337-cfg-csgo
PwnAlone:/pwnalone-cfg-csgo
dinha:/dinha-cfg-csgo
EMSTAR:/emstar-cfg-csgo
jottAAA:/jottaaa-cfg-csgo
TR0JN:/tr0jn-cfg-csgo
cyber:/cyber-cfg-csgo
goddess:/goddes-cfg-csgo
julih:/julih-cfg-csgo
nani:/nani-cfg-csgo
yungher:/yungher-cfg-csgo
poppins:/poppins-cfg-csgo
Vegi:/vegi-cfg-csgo
MWLKY:/mwlky-cfg-csgo
xicoz:/xicoz-cfg-csgo
oskarish:/oskarish-cfg-csgo
vester:/vester-cfg-csgo
Extinct:/extinct-cfg-csgo
arTisT:/artist-cfg-csgo
Girafffe:/girafffe-cfg-csgo
XELLOW:/xellow-cfg-csgo
Zyphon:/zyphon-cfg-csgo
SJR:/sjr-cfg-csgo
rAid:/raid-cfg-csgo
BiBiAhn:/bibiahn-cfg-csgo
uhKelsie:/uhkelsie-cfg-csgo
Kaoday:/kaoday-cfg-csgo
madss:/madss-cfg-csgo
GooseBreeder:/goosebreeder-cfg-csgo
outex:/outex-cfg-csgo
kenni:/kenni-cfg-csgo
LK:/lk-cfg-csgo
Cham:/cham-cfg-csgo
thinkii:/thinkii-cfg-csgo
LETi:/leti-cfg-csgo
DeeP:/deep-cfg-csgo
Kursy:/kursy-cfg-csgo
Razzmo:/razzmo-cfg-csgo
Neityu:/neityu-cfg-csgo
Paxios:/paxios-cfg-csgo
HugoBEAST:/hugobeast-cfg-csgo
k'3NNY:/k3nny-cfg-csgo
Snakes:/snakes-cfg-csgo
rallen:/rallen-cfg-csgo
CRUC1AL:/cruc1al-cfg-csgo
Thomas:/thomas-cfg-csgo
CYPHER:/cypher-cfg-csgo
volt:/volt-cfg-csgo
Maccen:/maccen-cfg-csgo
Kind0:/kind0-cfg-csgo
Dragon:/dragon-cfg-csgo
choiv7:/choiv7-cfg-csgo
VLDN:/vldn-cfg-csgo
controlez:/controlez-cfg-csgo
z1Nny:/z1nny-cfg-csgo
Gospadarov:/gospadarov-cfg-csgo
VILBy:/vilby-cfg-csgo
MoMo:/momo-cfg-csgo
ROUX:/roux-cfg-csgo
zockie:/zockie-cfg-csgo
Knight:/knight-cfg-csgo
Fur_Daddy:/fur_daddy-cfg-csgo
drayza:/drayza-cfg-csgo
Champ:/champ-cfg-csgo
Grave:/grave-cfg-csgo
cbass:/cbass-cfg-csgo
TaZ:/taz-cfg-csgo
mds:/mds-cfg-csgo
boX:/box-cfg-csgo
tN1R:/tn1r-cfg-csgo
znx:/znx-cfg-csgo
next1me:/next1me-cfg-csgo
bonjorno:/bonjorno-cfg-csgo
TEKO:/teko-cfg-csgo
PERCY:/percy-cfg-csgo
Kiro:/kiro-cfg-csgo
yab0ku-:/yab0ku-cfg-csgo
dERZKIY:/derzkiy-cfg-csgo
mupzG:/mupzg-cfg-csgo
F1n3tw:/f1n3tw-cfg-csgo
matusik:/matusik-cfg-csgo
Brilliance:/brilliance-cfg-csgo
digri:/digri-cfg-csgo
sh3nanigan:/sh3nanigan-cfg-csgo
cej0t:/cej0t-cfg-csgo
Mride:/mride-cfg-csgo
pawkoem:/pawkoem-cfg-csgo
rekonz:/rekonz-cfg-csgo
LYNXi:/lynxi-cfg-csgo
Elfern:/elfern-cfg-csgo
eDi:/edi-cfg-csgo
oopee:/oopee-cfg-csgo
Noktse:/noktse-cfg-csgo
meyern:/meyern-cfg-csgo
deco:/deco-cfg-csgo
luchov:/luchov-cfg-csgo
innocent:/innocent-cfg-csgo
SZPERO:/szpero-cfg-csgo
Choco:/choco-cfg-csgo
Yxngstxr:/yxngstxr-cfg-csgo
zEVES:/zeves-cfg-csgo
Trax:/trax-cfg-csgo
AwaykeN:/awayken-cfg-csgo
Brave:/brave-cfg-csgo
thomass1:/thomass1-cfg-csgo
LaX:/lax-cfg-csgo
H4RR3:/h4rr3-cfg-csgo
Dutchy:/dutchy-cfg-csgo
alex:/alex-cfg-csgo-spain
mopoz:/mopoz-cfg-csgo
sausol:/sausol-cfg-csgo
dav1g:/dav1g-cfg-csgo
MartinezSa:/martinezsa-cfg-csgo
MAJ3R:/maj3r-cfg-csgo
XANTARES:/xantares-cfg-csgo
Calyx:/calyx-cfg-csgo
DEVIL:/devil-cfg-csgo
ReegaN:/reegan-cfg-csgo
xReal:/xreal-cfg-csgo
rafaxF:/rafaxf-cfg-csgo
Nono2K:/nono2k-cfg-csgo
JAEPE:/jaepe-cfg-csgo
wfn:/wfn-cfg-csgo
aw0kenn:/aw0kenn-cfg-csgo
minimal:/minimal-vfg-csgo
notaN:/notan-cfg-csgo
Litovka:/litovka-cfg-csgo
KraiS:/krais-cfg-csgo
prt:/prt-cfg-csgo
dzt:/dzt-cfg-csgo
Orbit:/orbit-cfg-csgo
day0s:/day0s-cfg-csgo
Furlan:/furlan-cfg-csgo
jedqr:/jedqr-cfg-csgo
TACO:/taco-cfg-csgo
Danuu:/danuu-cfg-csgo
Natural:/natural-cfg-csgo
maku:/maku-cfg-csgo
Zero:/zero-cfg-csgo
aidKiT:/aidkit-cfg-csgo
CacaNito:/cacanito-cfg-csgo
dan1:/dan1-cfg-csgo
bINA0:/bina0-cfg-csgo
Jokkum:/jokkum-cfg-csgo
Winther:/winther-cfg-csgo
mero:/mero-cfg-csgo
REAPER:/reaper-cfg-csgo
syrsoN:/syrson-cfg-csgo
leo_drk:/leo_drk-cfg-csgo
brzer:/brzer-cfg-csgo
vigg0:/vigg0-cfg-csgo
PABLEK:/pablek-cfg-csgo
EspiranTo:/espiranto-cfg-csgo
Chill:/chill-cfg-csgo
Ganginho:/ganginho-cfg-csgo
nonick:/nonick-cfg-csgo
valde:/valde-cfg-csgo
Bielany:/bielany-cfg-csgo
stamina:/stamina-cfg-csgo
w1nt3r:/w1nt3r-cfg-csgo
TNDKingg:/tndkingg-cfg-csgo
ICY:/icy-cfg-csgo
BLVCKM4GIC:/blvckm4gic-cfg-csgo
def1zer:/def1zer-cfg-csgo
reversive:/reversive-cfg-csgo
HOLMES:/holmes-cfg-csgo
fox:/fox-cfg-csgo
chjna:/chjna-cfg-csgo
yodinha2k:/yodinha2k-cfg-csgo
ferzy:/ferzy-cfg-csgo
REGIANE:/regiane-cfg-csgo
khizha:/khizha-cfg-csgo
ponter:/ponter-cfg-csgo
MaLLby:/mallby-cfg-csgo
keiz:/keiz-cfg-csgo
Aida:/aida-cfg-csgo
JennyR:/jennyr-cfg-csgo
Zana:/zana-cfg-csgo
D7:/d7-cfg-csgo
josi:/josi-cfg-csgo
beg0d:/beg0d-cfg-csgo
diozera:/diozera-cfg-csgo
card:/card-cfg-csgo
phx:/phx-cfg-csgo
nicks:/nicks-cfg-csgo
roy:/roy-cfg-csgo
Golden:/golden-cfg-csgo
JonY BoY:/jony-boy-cfg-csgo
Otto:/otto-cfg-csgo
648:/648-cfg-csgo
t4MA:/t4ma-cfg-csgo
anarkez:/anarkez-cfg-csgo
Valencio:/valencio-cfg-csgo
K1-FiDa:/k1-fida-cfg-csgo
nbqq:/noobiq-cfg-csgo
Dytor:/dytor-cfg-csgo
capseN:/capsen-cfg-csgo
zodi:/zodi-cfg-csgo
yourwombat:/yourwombat-cfg-csgo
apocdud:/apocdud-cfg-csgo
viridian:/viridian-cfg-csgo
J1rah:/j1rah-cfg-csgo
gump:/gump-cfg-csgo
masta:/masta-cfg-csgo
ReacTioNNN:/reactionnn-cfg-csgo
kade0:/kade0-cfg-csgo
sorrow:/sorrow-cfg-csgo
icem4N:/icem4n-cfg-csgo
PKL:/pkl-cfg-csgo
mou:/mou-cfg-csgo
ProbLeM:/problem-cfg-csgo
JIaYm:/jiaym-cfg-csgo
k0s:/k0s-cfg-csgo
xiELO-:/xielo-cfg-csgo
dubee:/dubee-cfg-csgo
cookie:/cookie-cfg-csgo
SP1NT:/sp1nt-cfg-csgo
lesswill:/lesswill-cfg-csgo
HUckLer:/huckler-cfg-csgo
JACKPOT:/jackpot-cfg-csgo
EmilShe1n:/emilshe1n-cfg-csgo
chopper:/chopper-cfg-csgo
magixx:/magixx-cfg-csgo
adM:/adm-cfg-csgo
SYSTEM:/system-cfg-csgo
zur1s:/zur1s-cfg-csgo
leckr:/leckr-cfg-csgo
RuFire:/rufire-cfg-csgo
4X1s:/4x1s-cfg-csgo
DreaM:/dream-cfg-csgo
Jansen:/jansen-cfg-csgo
Fadey:/fadey-cfg-csgo
Ksu:/ksu-cfg-csgo
GruBy:/gruby-cfg-csgo
Prism:/prism-cfg-csgo
Sidney:/sidney-cfg-csgo
ponczek:/ponczek-cfg-csgo
m4tthi:/m4tthi-cfg-csgo
zehN:/zehn-cfg-csgo
Spargo:/spargo-cfg-csgo
Bonga:/bonga-cfg-csgo
rapala:/rapala-cfg-csgo
HadeZ:/hadez-cfg-csgo
Snax:/snax-cfg-csgo
Blytz:/blytz-cfg-csgo
s0und:/s0und-cfg-csgo
LyNeX:/lynex-cfg-csgo
phr:/phr-cfg-csgo
leman:/leman-cfg-csgo
Victoria:/victoria-cfg-csgo
t4tty:/t4tty-cfg-csgo
Elizabeth:/elizabeth-cfg-csgo
HenkkyG:/henkkyg-cfg-csgo
CreZe:/creze-cfg-csgo
NIO:/nio-cfg-csgo
Patti:/patti-cfg-csgo
br0:/br0-cfg-csgo
MistR:/mistr-cfg-csgo
keegaN:/keegan-cfg-csgo
f6tal:/f6tal-cfg-csgo
FURQE:/furqe-cfg-csgo
KOT3:/kot3-cfg-csgo
P3R3IIRA:/p3r3iira-cfg-csgo
SeabraEZ:/seabraez-cfg-csgo
Linko:/linko-cfg-csgo
avid:/avid-cfg-csgo
kronkzz:/kronkzz-cfg-csgo
march:/march-cfg-csgo
rommi:/rommi-cfg-csgo
yaph:/yaph-cfg-csgo
lUMiER:/lumier-cfg-csgo
SloWye:/slowye-cfg-csgo
mango:/mango-cfg-csgo
Doru:/doru-cfg-csgo
oJay:/ojay-cfg-csgo
7kick:/7kick-cfg-csgo
SolGoat:/solgoat-cfg-csgo
Izik:/izik-cfg-csgo
Slugy:/slugy-cfg-csgo
AtomiK:/atomik-cfg-csgo
Drew:/drew-cfg-csgo
Ro1f:/ro1f-cfg-csgo
Lcmm:/lcmm-cfg-csgo
Jipsi:/jipsi-cfg-csgo
Sinzey:/sinzey-cfg-csgo
RalleR:/raller-cfg-csgo
Berrrnard:/berrrnard-cfg-csgo
MSN:/msn-dm-cfg-csgo
Silence:/silence-cfg-csgo
1Knas:/1knas-cfg-csgo
LVN:/lvn-cfg-csgo
Vacancy:/vacancy-cfg-csgo
yz0:/yz0-cfg-csgo
zeak:/zeak-cfg-csgo
hAdji:/hadji-cfg-csgo
twist:/twist-czech-cfg-csgo
ADEJIS:/adejis-cfg-csgo
fp1:/fp1-cfg-csgo
fusco:/fusko-cfg-csgo
Whizerspo0n:/whizerspo0n-cfg-csgo
Wild4n:/wild4n-cfg-csgo
Perfect_Life:/perfect_life-cfg-csgo
farg:/farg-cfg-csgo
Alca:/alca-cfg-csgo
bSSSSSS:/bssssss-cfg-csgo
CamZ:/camz-cfg-csgo
Psycho:/psycho-cfg-csgo
H4wK:/h4wk-cfg-csgo
damiel:/damiel-cfg-csgo
sergej:/sergej-cfg-csgo
Remind:/remind-cfg-csgo
NMV:/nmv-cfg-csgo
zLy:/zly-cfg-csgo
tricky:/tricky-cfg-csgo
propleh:/propleh-cfg-csgo
dukefissura:/dukefissura-cfg-csgo
smiley:/smiley-cfg-csgo
1mpala:/1mpala-cfg-csgo
voidex:/voidex-cfg-csgo
kaas:/kaas-cfg-csgo
Scared:/scared-cfg-csgo
Ruyter:/ruyter-cfg-csgo
envi:/envi-cfg-csgo
somnium:/somnium-cfg-csgo
xAHEN:/xahen-cfg-csgo
RENNE:/renne-cfg-csgo
Hezz:/hezz-cfg-csgo
alexer:/alexer-cfg-csfo
elemeNt:/element-cfg-csgo
brn$:/brns-cfg-csgo
Didjey:/didjey-cfg-csgo
Lr0z1n:/lr0z1n-cfg-csgo
watson:/watson-cfg-csgo
Log1cz:/log1cz-cfg-csgo
LucKyMaNN:/luckymann-cfg-csgo
tor1towOw:/tor1towow-cfg-csgo
Slayerhz:/slayerhz-cfg-csgo
cello:/cello-cfg-csgo
interz:/interz-cfg-csgo
Marro:/marro-cfg-csgo
Pacman:/pacman-cfg-csgo
k1Nky:/k1nky-cfg-csgo
spamzzy:/spamzzy-cfg-csgo
rdnzao:/rdnzao-cfg-csgo
Florence:/florence-cfg-csgo
stadodo:/stadodo-cfg-csgo
fenvicious:/fenvicious-cfg-csgo
la3euka:/la3euka-cfg-csgo
Gafolo:/gafolo-cfg-csgo
arvid:/arvid-cfg-csgo
mari:/mari-cfg-csgo
Dementor:/dementor-cfg-csgo
Marix:/marix-cfg-csgo
fer:/fer-cfg-csgo
YumsaN:/yumsan-cfg-csgo
sh1ne:/sh1ne-cfg-csgo
lux:/lux-cfg-csgo
Arkynha:/arkynha-cfg-csgo
LyttleZ:/lyttlez-cfg-csgo
luko:/luko-cfg-csgo
Levi:/levi-cfg-csgo
NIKZEj:/nikzej-cfg-csgo
caike:/caike-cfg-csgo
n1xen:/n1xen-cfg-csgo
aragornN:/aragornn-cfg-csgo
Twinx:/twinx-cfg-csgo
tutehen:/tutehen-cfg-csgo
spinnie:/spinnie-cfg-csgo
xns:/xns-cfg-csgo
DeathZz:/deathzz-cfg-csgo
Irish:/irish-cfg-csgo
Luck:/luck-cfg-csgo
Gnøffe:/gnoffe-cfg-csgo
Triton:/triton-cfg-csgo
Trucklover86:/trucklover86-cfg-csgo
PihLziNh0:/pihlzinh0-cfg-csgo
tanxiaomei:/tanxiaomei-cfg-csgo
Roninbaby:/roninbaby-cfg-csgo
mutaNt:/mutant-cfg-csgo
MrCANI:/mrcani-cfg-csgo
Ming0:/ming0-cfg-csgo
Shr:/shr-cfg-csgo
Icarus:/icarus-cfg-csgo
Marcelious:/marcelious-cfg-csgo
HONES:/hones-cfg-csgo
CeRq:/cerq-cfg-csgo
Aqua:/aqua-cfg-csgo
NaOw:/naow-cfg-csgo
noleN-:/nolen-cfg-csgo
bodito:/bodito-cfg-csgo
Aaron:/aaron-cfg-csgo
Grashog:/grashog-cfg-csgo
n0te:/n0te-cfg-csgo
baljs:/baljs-cfg-csgo
blackpoisoN:/blackpoison-cfg-csgo
Sonic:/sonic-cfg-csgo
suka:/suka-cfg-csgo
NOPEEj:/nopeej-cfg-csgo
azizz:/azizz-cfg-csgo
tweiss:/tweiss-cfg-csgo
k0nanj:/k0nanj-cfg-csgo
wipeout:/wipeout-cfg-csgo
speed4k:/speed4k-cfg-csgo
SEMINTE:/seminte-cfg-csgo
delus1onn:/delus1onn-cfg-csgo
Bibu:/bibu-cfg-csgo
farmaG:/farmag-cfg-csgo
Sw1ft:/sw1ft-cfg-csgo
Cl34v3rs:/cl34v3rs-cfg-csgo
Spexy:/spexy-cfg-csgo
es3tag:/es3tag-cfg-csgo
fear:/fear-cfg-csgo
Svedjehed:/svedjehed-cfg-csgo
b4rtiN:/b4rtin-cfg-csgo
pdy:/pdy-cfg-csgo
NoProblemGuy:/noproblemguy-cfg-csgo
Dosia:/dosia-cfg-csgo
seized:/seized-cfg-csgo
d1Ledez:/d1ledez-cfg-csgo
GEOHYPE:/geohype-cfg-csgo
swiiffter:/swiiffter-cfg-csgo
Ciocardau:/ciocardau-cfg-csgo
DebornY:/deborny-cfg-csgo
ksloks:/ksloks-cfg-csgo
BRNZ1K:/brnz1k-cfg-csgo
eN0o:/en0o-cfg-csgo
fostar:/fostar-cfg-csgo
Ayeon:/ayeon-cfg-csgo
rage:/rage-china-cfg-csgo
0i:/0i-cfg-csgo
DeStRoYeR:/destroyer-cfg-csgo
Kirby:/kirby-cfg-csgo
frezbyy:/frezbyy-cfg-csgo
Distu:/distu-cfg-csgo
dEE:/dee-cfg-csgo
luke:/luke-cfg-csgo
Frazehh:/frazehh-cfg-csgo
Zulu:/zulu-cfg-csgo
lif3:/lif3-cfg-csgo
str:/str-cfg-csgo
scoobyxie:/scoobyxie-cfg-csgo
fix:/fix-cfg-csgo
PASHANOJ:/pashanoj-cfg-csgo
bsd:/bsd-cfg-csgo
SaNt0S:/sant0s-cfg-csgo
stainzin:/stainzin-cfg-csgo
mxa:/mxa-cfg-csgo
lineko:/lineko-cfg-csgo
coolio:/coolio-cfg-csgo
dobbo:/dobbo-cfg-csgo
Adam9130:/adam9130-cfg-csgo
mad0:/mad0-cfg-csgo
f1skereN:/f1skeren-cfg-csgo
decenty:/decenty-cfg-csgo
xenq:/xenq-cfg-csgo
moonwalk:/moonwalk-cfg-csgo
kRYSTAL:/krystal-cfg-csgo
maty:/maty-cfg-csgo
stfN:/stfn-cfg-csgo
kolor:/kolor-cfg-csgo
denis:/denis-cfg-csgo
J0hnny:/j0hnny-cfg-csgo
allu:/allu-cfg-csgo
ZOREE:/zoree-cfg-csgo
Sm1llee:/sm1llee-cfg-csgo
ottob:/ottob-cfg-csgo
Remill:/remill-cfg-csgo
Kre1N:/kre1n-cfg-csgo
Saasinho:/saasinho-cfg-csgo
miko:/miko-cfg-csgo
flying:/flying-cfg-csgo
sstr1ct:/sstr1ct-cfg-csgo
dekz:/dekzz-cfg-csgo
H1te:/h1te-cfg-csgo
teme:/teme-cfg-csgo
Villeboe:/villeboe-cfg-csgo
puuha:/puuha-cfg-csgo
p3kko:/p3kko-cfg-csgo
millert:/millert-cfg-csgo
pigo:/pigo-cfg-csgo
brokeN:/broken-cfg-csgo-brazil
mtsGOD:/mtsgod-cfg-csgo
Kntz:/kntz-cfg-csgo
ADK:/adk-cfg-csgo
nettik:/nettik-cfg-csgo
dangeR:/danger-cfg-csgo
sXe:/sxe-cfg-csgo
andizin:/andizin-cfg-csgo
Rayzer:/rayzer-cfg-csgo
Jas_x:/jas_x-cfg-csgo
Razn:/razn-cfg-csgo
trk:/trk-cfg-csgo
malbsMd:/malbsmd-cfg-csgo
Void:/void-cfg-csgo
Mikzuuu:/mikzuuu-cfg-csgo
Jinxx:/jinxx-cfg-csgo
swiz:/swiz-cfg-csgo
kNgV-:/kngv-cfg-csgo
piria:/piria-cfg-csgo
GaBi:/gabi-cfg-csgo
izaa:/izaa-cfg-csgo
kaah:/kaah-cfg-csgo
Xaka:/xaka-cfg-csgo
Slaxx:/slaxx-cfg-csgo
niise:/niise-cfg-csgo
forsyy:/forsyy-cfg-csgo
chelleos:/chelleos-cfg-csgo
asap:/asap-cfg-csgo
pupcake:/pupcake-cfg-csgo
dezon:/dezon-cfg-csgo
zen:/zen-cfg-csgo
HugoXD:/hugoxd-cfg-csgo
Baaten:/baaten-cfg-csgo
Queenix:/queenix-cfg-csgo
maNkz:/mankz-cfg-csgo
kraghen:/kraghen-cfg-csgo
salazar:/salazar-cfg-csgo
xeta:/xeta-cfg-csgo
HUGHMUNGUS:/hughmungus-cfg-csgo
woozzzi:/woozzzi-cfg-csgo
Rafex78:/rafex78-cfg-csgo
Kas9k:/kas9k-cfg-csgo
Fiv:/fiv-cfg-csgo
vAloN:/valon-cfg-csgo
Akv1lon:/akv1lon-cfg-csgo
Vopsick:/vopsick-cfg-csgo
SasukeQO:/sasukeqo-cfg-csgo
kANDARO:/kandaro-cfg-csgo
ZetBest:/zetbest-cfg-csgo
zks:/zks-cfg-csgo
uli:/uli-cfg-csgo
paz:/paz-cfg-csgo
mir:/mir-cfg-csgo
msN:/msn-cfg-csgo
S1rva:/s1rva-cfg-csgo
HENU:/henu-cfg-csgo
juissi:/juissi-cfg-csgo
myltsi:/myltsi-cfg-csgo
podi:/podi-cfg-csgo
fREQ:/freq-cfg-csgo
r4ul:/r4ul-cfg-csgo
Demonos:/demonos-cfg-csgo
voltera:/voltera-cfg-csgo
hyskeee:/hyskeee-cfg-csgo
discplex:/discplex-cfg-csgo
msn:/msn-cfg-csgo-latvian
p1ty:/p1ty-cfg-csgo
ReuS:/reus-cfg-csgo
KunKKa:/kunkaa-cfg-csgo
JookerBB:/jookerbb-cfg-csgo
Flash_1:/flash_1-cfg-csgo
Caleyy:/caleyy-cfg-csgo
HeavyGod:/heavygod-cfg-csgo
DILLION1:/dillion1-cfg-csgo
Maka:/maka-cfg-csgo
REAL1ZE:/real1ze-cfg-csgo
Kjaerbye:/kjaerbye-cfg-csgo
grape:/grape-cfg-csgo
mesamiduck:/mesamiduck-cfg-csgo
RZU:/rzu-cfg-csgo
Pol0:/pol0-cfg-csgo
DaneJoris:/danejoris-cfg-csgo
aNsavage:/ansavage-cfg-csgo
Re1GN:/re1gn-cfg-csgo
killmatic:/killmatic-cfg-csgo
JazzPimp:/jazzpimp-cfg-csgo
zrkk:/zrkk-cfg-csgo
Swahn:/swahn-cfg-csgo
silas:/silas-cfg-csgo
JTMythic:/jtmythic-cfg-csgo
eightz999:/eightz999-cfg-csgo
ap0c:/ap0c-cfg-csgo
darko:/darko-cfg-csgo
Grucha:/grucha-cfg-csgo
kadziu:/kadziu-cfg-csgo
DDias:/ddias-cfg-csgo
Ag1l:/ag1l-cfg-csgo
Get_Jeka:/get_jeka-cfg-csgo
FinigaN:/finigan-cfg-csgo
YuZ:/yuz-cfg-csgo
arbnorz:/arbnorz-cfg-csgo
BeaKie:/beakie-cfg-csgo
Yoshi:/yoshi-cfg-csgo
KHTEX:/khtex-cfg-csgo
SOKER:/soker-cfg-csgo
kanarito:/kanarito-cfg-csgo
l1fe:/l1fe-cfg-csgo
Cxxxviii:/cxxxviii-cfg-csgo
nbl:/nbl-cfg-csgo
NEO:/neo-cfg-csgo
HS:/hs-cfg-csgo
tAk:/tak-cfg-csgo
twist:/twist-cfg-csgo
shokz:/shokz-cfg-csgo
ND:/nd-cfg-csgo
glaVed:/glaved-cfg-csgo
LapeX:/lapex-cfg-csgo
JERUZZZ:/jeruzzz-cfg-csgo
182:/182-cfg-csgo
jotti:/jotti-cfg-csgo
LEARSI:/learsi-cfg-csgo
Stewie2K:/stewie2k-cfg-csgo
Z1gaZaga:/z1gazaga-cfg-csgo
pallib0ndi:/pallib0ndi-cfg-csgo
clvR:/clvr-cfg-csgo
Bjarni:/bjarni-cfg-csgo
leFluff:/lefluff-cfg-csgo
JDubs:/jdubs-cfg-csgo
Noxio:/noxio-cfg-csgo
landmaz:/landmaz-cfg-csgo
Xzen:/xzen-cfg-csgo
arcade:/arcade-cfg-csgo
Wolffe:/wolffe-cfg-csgo
Sterzig:/sterzig-cfg-csgo
CHANKY:/chanky-cfg-csgo
jsfeltner:/jsfeltner-cfg-csgo
Just2EZ:/just2ez-cfg-csgo
tENSKI:/tenski-cfg-csgo
Cyrix:/cyrix-cfg-csgo
BZA:/bza-cfg-csgo
GuardiaN:/guardian-cfg-csgo
StepzZ:/stepzz-cfg-csgo
HUASOPEEK:/huasopeek-cfg-csgo
bruj:/bruj-cfg-csgo
remix:/remix-cfg-csgo
naitte:/naitte-cfg-csgo
RICIOLI:/ricioli-cfg-csgo
r1see:/r1see-cfg-csgo
kst:/kst-cfg-csgo
detinate:/detinate-cfg-csgo
freakazoid:/freakazoid-cfg-csgo
Andrew:/andrew-cfg-csgo
KAISER:/kaizer-cfg-csgo
laser:/laser-cfg-csgo
ABM:/abm-cfg-csgo
TIKO:/tiko-cfg-csgo
drg:/drg-cfg-csgo
togs:/togs-cfg-csgo
stebbiC0C0:/stebbic0c0-cfg-csgo
bubble:/bubble-cfg-csgo
dream3r:/dream3r-cfg-csgo
shateri:/shateri-cfg-csgo
gas:/gas-cfg-csgo
lan:/lan-cfg-csgo
ChildKing:/childking-cfg-csgo
Cjoffo:/cjoffo-cfg-csgo
Kayo:/kayo-cfg-csgo
gon:/gon-cfg-csgo
rico:/rico-cfg-csgo
Crityourface:/crityourface-cfg-csgo
proSHOW:/proshow-cfg-csgo
LIN:/lin-cfg-csgo
paiva:/paiva-cfg-csgo
lukz:/lukz-cfg-csgo
UnK:/unk-cfg-csgo
Karma:/karma-cfg-csgo
FjanT:/fjant-cfg-csgo
brutmonster:/brutmonster-cfg-csgo
nEMANHA:/nemanha-cfg-csgo
Tugu:/tugu-cfg-csgo
simke:/simke-cfg-csgo
MagnumZ:/magnumz-cfg-csgo
realziN:/realzin-cfg-csgo
matios:/matios-cfg-csgo
MonsterJD:/monsterjd-cfg-csgo
sT0P:/st0p-cfg-csgo
cox:/cox-cfg-csgo
fnx:/fnx-cfg-csgo
rox:/rox-cfg-csgo
guizin:/guizin-cfg-csgo
Mad:/mad-cfg-csgo
aVN:/avn-cfg-csgo
Drea3er:/drea3er-cfg-csgo
Rock1nG:/rock1ng-cfg-csgo
BerSeCkaZo:/berseckazo-cfg-csgo
AxEcHo:/axecho-cfg-csgo
Flarich:/flarich-cfg-csgo
Gin:/gin-cfg-csgo
Cate:/cate-cfg-csgo
juho:/juho-cfg-csgo
doltn:/doltn-cfg-csgo
Sijeyy:/sijeyy-cfg-csgo
Bymas:/bymas-cfg-csgo
tsutskam:/tsutskam-cfg-csgo
xezr:/xezr-cfg-csgo
Blacc:/blacc-cfg-csgo
RSK:/rsk-cfg-csgo
klyrO:/klyro-cfg-csgo
insane:/insane-cfg-csgo
Ao-:/ao-cfg-csgo
D0NEKO:/d0neko-cfg-csgo
h1glaiN:/h1glain-cfg-csgo
chijiwa:/chijiwa-cfg-csgo
klydeep:/klydeep-cfg-csgo
Samppa:/samppa-cfg-csgo
SATURN:/saturn-cfg-csgo
Voltage:/voltage-cfg-csgo
chew:/chew-cfg-csgo
notineki:/notineki-cfg-csgo
JUS6:/jus6-cfg-csgo
zyper:/zyper-cfg-csgo
matomi:/matomi-cfg-csgo
stinx:/stinx-cfg-csgo
Daffu:/daffu-cfg-csgo
Seb:/seb-cfg-csgo
Melloh:/melloh-cfg-csgo
g0ne:/g0ne-cfg-csgo
Twixie:/twixie-cfg-csgo
mik:/mik-cfg-csgo
enanoks:/enanoks-cfg-csgo
NikkeZ:/nikkez-cfg-csgo
desty:/desty-cfg-csgo
SAYN:/sayn-cfg-csgo
Fylli:/fylli-cfg-csgo
Lucky:/lucky-cfg-csgo
tiziaN:/tizian-cfg-csgo
MiGHTYMAX:/mightymax-cfg-csgo
Surreal:/surreal-cfg-csgo
SkippeR:/skipper-cfg-csgo
Dav:/dav-cfg-csgo
smooya:/smooya-cfg-csgo
xenn:/xenn-cfg-csgo
Valiance:/valiance-cfg-csgo
ElectuS:/electus-cfg-csgo
zox:/zox-cfg-csgo
baaaaZzz:/baaaazzz-cfg-csgo
KAPACHO:/kapacho-cfg-csgo
nat1ve:/nat1ve-cfg-csgo
v1c7oR:/v1c7or-cfg-csgo
rafftu:/rafftu-cfg-csgo
SAIKY:/saiky-cfg-csgo
ERIC:/eric-cfg-csgo
tahsiN:/abuwilly-cfg-csgo
fatih:/fatih-cfg-csgo
AKEX:/akex-cfg-csgo
stefank0k0:/stefank0k0-csgo
powerYY:/poweryy-cfg-csgo
KrowNii:/krownii-cfg-csgo
mvN:/mvn-cfg-csgo
Shakezullah:/shakezullah-cfg-csgo
FLVSH:/flvsh-cfg-csgo
laules:/laules-cfg-csgo
waZz:/wazz-cfg-csgo
devraNN:/devrann-cfg-csgo
renatoohaxx:/renatoohaxx-cfg-csgo
obj:/obj-cfg-csgo
Fiend:/fiend-cfg-csgo
sparrow:/sparrow
Meowmeow:/meowmeow-cfg-csgo
GYZER:/gyzer-cfg-csgo
Snowzin:/snowzin-cfg-csgo
ax1nty:/ax1nty-cfg-csgo
Mystic:/mystic-cfg-csgo
hous1k:/hous1k-cfg-csgo
eYs:/eys-cfg-csgo
hype:/hype-cfg-csgo
FRANSSON:/fransson-cfg-csgo
bobeksde:/bobeksde-cfg-csgo
adeX:/adex-cfg-csgo
ERSIN:/ersin-cfg-csgo
k1Nd:/k1nd-cfg-csgo
meijoo:/meijoo-cfg-csgo
BloodyK:/bloodyk-cfg-csgo
TiburoN:/tiburon-cfg-csgo
Owen$inhoM:/owensinhom-cfg-csgo
R0b3n:/r0b3n-cfg-csgo
mono:/mono-cfg-csgo
discoStar:/discostar-cfg-csgo
repo:/repo-cfg-csgo
bootylord:/bootylord-cfg-csgo
bnc:/bcn-cfg-csgo
tkl:/tkl-cfg-csgo
s1natoRRR:/s1natorrr-cfg-csgo
heavely:/heavely-cfg-csgo
iguin:/iguin-cfg-csgo
FOMF3R4:/fomf3r4-cfg-csgo
zTripa:/ztripa-cfg-csgo
diabaz:/diabaz-cfg-csgo
TISAN:/tisan-cfg-csgo
Nata:/nata-cfg-csgo
races:/racess-cfg-csgo
xCeeD:/xceed-cfg-csgo
heartless:/heartless-cfg-csgo
chawzyyy:/chawzyyy-cfg-csgo
robiin:/robiin-cfg-csgo
Mann3n:/mann3n-cfg-csgo
Ensury:/ensury-cfg-csgo
mathio:/mathio-cfg-csgo
seziwana:/seziwana-cfg-csgo
reatz:/reatz-cfg-csgo
ra1se:/ra1se-cfg-csgo
fakeS2:/fakes2-cfg-csgo
Impulse:/impulse-cfg-csgo
DiMKE:/dimke-cfg-csgo
maxxkor:/maxxkor-cfg-csgo
flixxy:/flixxy-cfg-csgo
Toft:/toft-cfg-csgo
Hauge:/hauge-cfg-csgo
DeviNe:/devine-cfg-csgo
HS:/hs-cfg-csgo-portugal
SYDOX:/sydox-cfg-csgo
Revol:/revol-cfg-csgo
Tarkky:/tarkky-cfg-csgo
7EMPORARY:/7emporary-cfg-csgo
jaro:/jaro-cfg-csgo
vicu:/vicu-cfg-csgo
Hanka:/hanka-cfg-csgo
Liina:/liina-cfg-csgo
Angelka:/angelka-cfg-csgo
trymJ:/trymj-cfg-csgo
mave:/mave-cfg-csgo
florento:/florento-cfg-csgo
Unshi:/unshi
markow:/markow-cfg-csgo
babyrage:/babyrage-cfg-csgo
Notjuanjo:/notjuanjo-cfg-csgo
tyko:/tyko-cfg-csgo
fibb0:/fibb0-cfg-csgo
Akamy:/akamy-cfg-csgo
PARKER:/parker-cfg-csgo
vlone:/vlone-cfg-csgo
Sil3nT:/sil3nt-cfg-csgo
OMG:/omg-cfg-csgo
DrqkoN:/drqkon-cfg-csgo
L4F:/l4f-cfg-csgo
MTZ:/mtz-cfg-csgo
sad:/sad-cfg-csgo
Roflko:/roflko-cfg-csgo
MaSvAl:/masval-cfg-csgo
arki:/arki-cfg-csgo
rushardo:/rushardo-cfg-csgo
kfreq:/kfreq-cfg-csgo
MV:/mv-cfg-csgo
rabbit:/rabbit-cfg-csgo
JamieG:/jamieg-cfg-csgo
cryths:/cryths-cfg-csgo
jnf:/jnf-cfg-csgo
dgn:/dgn-cfg-csgo
Straka:/straka-cfg-csgo
forg1:/forg1-cfg-csgo
svyat:/svyat-cfg-csgo
waterfaLLZ:/waterfallz-cfg-csgo
ViztA:/vizta-cfg-csgo
Sickta:/sickta-cfg-csgo
bottle:/bottle-cfg-csgo
spend33:/spend33-cfg-csgo
Sliimey:/sliimey-cfg-csgo
streaty:/streaty-cfg-csgo
m0nt:/m0nt-cfg-csgo
DANZ:/danz-cfg-csgo
Due1yant:/due1yant-cfg-csgo
aumaN:/auman-cfg-csgo
kressy:/kressy-cfg-csgo
Farés:/fares-cfg-csgo
Raphiita:/raphiita-cfg-csgo
kouzy:/kouzy-cfg-csgo
ro:/ro-cfg-csgo
hooch:/hooch-cfg-csgo
rate:/rate-cfg-csgo
neiter2k:/neiter-cfg-csgo
Donk:/donk-cfg-csgo
S0tF1k:/s0tf1k-cfg-csgo
mudwaynee:/mudwaynee-cfg-csgo
edgyS:/edgys-cfg-csgo
Coulen:/coulen-cfg-csgo
duggyversus:/duggyversus-cfg-csgo
khobra:/khobra-cfg-csgo
Twinkey:/twinkey-cfg-csgo
Stepa:/stepa-cfg-csgo
larsen:/larsen-cfg-csgo
EasTor:/eastor-cfg-csgo
starDUST:/stardust-cfg-csgo
okand:/okand-cfg-csgo
Loozty:/loozty-cfg-csgo
Aunkere:/aunkere-cfg-csgo
MICHU:/michu-cfg-csgo
L00m1:/l00m1-cfg-csgo
k0lty:/k0lty-cfg-csgo
QRUSH:/qrush-cfg-csgo
KQLY:/kqly-cfg-csgo
GreK:/grek-cfg-csgo
mhN1:/mhn-cfg-csgo
matty:/matty-cfg-csgo
Kamion:/kamion-cfg-csgo
spooke:/spooke-cfg-csgo
vilga:/vilga-cfg-csgo
ANa:/ana-cfg-csgo
tory:/tory-cfg-csgo
twenty3:/twenty3-cfg-csgo
Kat:/kat-cfg-csgo
Lekr0:/lekr0-cfg-csgo
friberg:/friberg-cfg-csgo
f0rest:/f0rest-cfg-csgo
halo:/halo-cfg-csgo
tudsoN:/tudson-cfg-csgo
walker:/walker-cfg-csgo
Necrogenes1s:/necrogenes1s-cfg-csgo
TiN:/tin-cfg-csgo
Lesser:/lesser-cfg-csgo
sense:/sense-cfg-csgo
berzerk:/berzerk-cfg-csgo
Tapewaare:/tapewaare-cfg-csgo
Kevve:/kevve-cfg-csgo
netox:/netox-cfg-csgo
H0land:/h0land-cfg-csgo
puni:/puni-cfg-csgo
poizon:/poizon-cfg-csgo
ALEX:/alex-cfg-csgo
pancc:/pancc-cfg-csgo
opdust:/opdust-cfg-csgo
mouz:/mouz-cfg-csgo
Sway:/sway-cfg-csgo
cidZzZ:/cidzzz-cfg-csgo
Wilky:/wilky-cfg-csgo
krotomo:/krotomo-cfg-csgo
Khobs:/khobs-cfg-csgo
Machinegun:/machinegun-cfg-csgo
Larva:/larva-cfg-csgo
jayketh:/jayketh-cfg-csgo
Craftyy:/craftyy-cfg-csgo
beau:/beau-cfg-csgo
harbor:/harbor-cfg-csgo
ep1phany:/ep1phany-cfg-csgo
bastEe:/bastee-cfg-csgo
arioszek:/arioszek-cfg-csgo
HEAP:/heap-cfg-csgo
TiCx:/ticx-cfg-csgo
AwwEzz:/awwezz-cfg-csgo
yakuza:/yakuza-cfg-csgo
tooi:/tooi-cfg-csgo
m7th:/m7th-cfg-csgo
USTILO:/ustilo-cfg-csgo
tucks:/tacks-cfg-csgo
mini:/mini-cfg-csgo
STRIKER:/striker-cfg-csgo
queztone:/queztone-cfg-csgo
1962:/1962-cfg-csgo
ivanzinho:/ivanzinho-cfg-csgo
Viva:/viva-cfg-csgo
1NSERT2:/1nsert2-cfg-csgo
floweaN:/flowean-cfg-csgo
ExtasY:/extasy-cfg-csgo
Pata_Jones:/pata_jones-cfg-csgo
AdreN:/adren-cfg-csgo
EIZA:/eiza-cfg-csgo
garfield:/garfield-cfg-csgo
JAM:/jam-cfg-csgo
zfx:/zfx-cfg-csgo
Dern1er:/dern1er-cfg-csgo
MUFFY:/muffy-cfg-csgo
Aky:/aky-cfg-csgo
1NVISIBLEE:/1nvisiblee-cfg-csgo
kobruh:/kobruh-cfg-csgo
eternally:/eternally-cfg-csgo
Whitesmith:/whitesmith-cfg-csgo
Ryujin:/ryujin-cfg-csgo
DSSj:/dssj-cfg-csgo
HECTOz:/hectoz-cfg-csgo
V0R4yn:/v0r4yn-cfg-csgo
SoFTiK:/softik-cfg-csgo
markeloff:/markeloff-cfg-csgo
tabz:/tabz-cfg-csgo
Candy:/candy-cfg-csgo
lov1kus:/lov1kus-cfg-csgo
reibi:/reibi-cfg-csgo
psh:/psh-cfg-csgo
hdstr:/hdstr-cfg-csgo
N1ghtMan:/n1ghtman-cfg-csgo
meerkat:/meerkat-cfg-csgo
aizAa:/aizaa-cfg-csgo
insomnia:/insomnia-cfg-csgo
spek:/spek-cfg-csgo
EXUS:/exus-cfg-csgo
koosta:/koosta-cfg-csgo
daps:/daps-cfg-csgo
Minus:/minus-cfg-csgo
mirth:/mirth-cfg-csgo
Subarashii:/subarashii-cfg-csgo
clipsanity:/clipsanity-cfg-csgo
Jerppa:/jerppa-cfg-csgo
KriLLe:/krille-cfg-csgo
ZER:/zer-cfg-csgo
HPS:/hps-cfg-csgo
nomiss:/nomiss-cfg-csgo
exe:/exe-cfg-csgo
Gration:/gration-cfg-csgo
smike:/smike-cfg-csgo
ArS:/ars-cfg-csgo
olymp1c:/olymp1c-cfg-csgo
HEADBANGER:/headbanger-cfg-csgo
Clysee:/clysee-cfg-csgo
CYXXX:/cyxxx-cfg-csgo
Elk:/elk-cfg-csgo
ekul:/ekul-cfg-csgo
Leri:/leri-cfg-csgo
abbelol:/abbelol-cfg-csgo
MaximN:/maximn-cfg-csgo
kzealos:/kzealos-cfg-csgo
nawrot:/nawrot-cfg-csgo
fobeN:/foben-cfg-csgo
roGerzz:/rogerzz-cfg-csgo
Ezetapsss:/ezetapsss-cfg-csgo
zhokiNg:/zhoking-cfg-csgo
Leggy:/leggy-cfg-csgo
wezx:/wezx-cfg-csgo
mowel:/mowel-cfg-csgo
endru:/endru-cfg-csgo
relentless:/relentless-cfg-csgo
Jermaine:/jermaine-cfg-csgo
try:/try-usa-cfg-csgo
RCF:/rcf-cfg-csgo
yepz:/yepz-cfg-csgo
7oX1C:/7ox1c-cfg-csgo
Templ:/templ-cfg-csgo
Midgard:/midgard-cfg-csgo
redzy:/redzy-cfg-csgo
Frothe:/frothe-cfg-csgo
spirit:/spirit-cfg-csgo
faqzor:/faqzor-cfg-csgo
H4rder:/h4rder-cfg-csgo
nJ:/nj-cfg-csgo
xccurate:/xccurate-cfg-csgo
Lemonz:/lemonz-cfg-csgo
MINISE:/minise-cfg-csgo
Gladik:/gladik-cfg-csgo
k1ssly:/k1ssly-cfg-csgo
shaDow:/shadow-cfg-csgo
MISK:/misk-cfg-csgo
Markoś:/markos-cfg-csgo
Dante:/dante-cfg-csgo
Cunha:/cunha-cfg-csgo
Plat:/plat-cfg-csgo
Kan4:/kan4-cfg-csgo
tonzah:/tonzah-cfg-csgo
Gauthierlele:/gauthierlele-cfg-csgo
XpG:/xpg-cfg-csgo
SKip:/skip-cfg-csgo
kai:/kai-cfg-csgo
sprayxd:/sprayxd-cfg-csgo
ZEDc:/zedc-cfg-csgo
dyvo:/dyvo-cfg-csgo
Niix:/niix-cfg-csgo
th0rsteinnf:/th0rsteinnf-cfg-csgo
EddezeNNN:/eddezennn-cfg-csgo
m4tt:/m4tt-cfg-csgo
vARKA:/varka-cfg-csgo
somebody:/somebody-cfg-csgo
gatito:/gatito-cfg-csgo
kissmyaug:/kissmyaug-cfg-csgo
jitter:/jitter-cfg-csgo
Zeusa:/zeusa-cfg-csgo
POWELS:/powels-cfg-csgo
xerus:/xerus-cfg-csgo
cajunb:/cajunb-cfg-csgo
zed:/zed-cfg-csgo
MALI:/mali-cfg-csgo
eleKz:/elekz-cfg-csgo
sToRm:/storm-cfg-csgo
merisinho:/merisinho-cfg-csgo
n1kista:/n1kista-cfg-csgo
Manberi:/manberi-cfg-csgo
Kyolka:/kyolka-cfg-csgo
maRky:/marky-cfg-csgo
OKOLICIOUZ:/okoliciouz-cfg-csgo
mar:/mar-cfg-csgo
magi:/magi-cfg-csgo
habibi:/habibi-cfg-csgo
sido:/sido-cfg-csgo
Veniuz:/veiuz-cfg-csgo
robby:/robby-cfg-csgo
bew:/bew-cfg-csgo
flowX:/flowx-cfg-csgo
GOYO007:/goyo007-cfg-csgo
swicher:/swicher-cfg-csgo
sperr:/sperr-cfg-csgo
ScreaM:/scream-cfg-csgo
BIT:/bit-cfg-csgo
Bubzkji:/bubzkji-cfg-csgo
kenzor:/kenzor-cfg-csgo
pnq:/pnq-cfg-csgo
olofmeister:/olofmeister-cfg-csgo
ramuljas:/ramuljas-cfg-csgo
hate:/hate-cfg-csgo
LeX:/lex-cfg-csgo
Cooper:/cooper-cfg-csgo
Rickeh:/rickeh-cfg-csgo
pendzelek:/pendzelek-cfg-csgo
splawik:/splawik-cfg-csgo
pTKKK:/ptkkk-cfg-csgo
Bels:/bels-cfg-csgo
arieldidi:/arieldidi-cfg-csgo
DoisTa:/doista-cfg-csgo
KrassNer:/krassner-cfg-csgo
PhilEba:/phileba-cfg-csgo
zteeek:/zteeek-cfg-csgo
Matup:/matup-cfg-csgo
Lambert:/lambert-cfg-csgo
dukiiii:/dukiiii-cfg-csgo
Ghostii:/ghostii-cfg-csgo
Sutter:/sutter-cfg-csgo
zont1x:/zont1x-cfg-csgo
JoJo:/jojo-cfg-csgo
ayy:/ayy-cfg-csgo
Jason:/jason-cfg-csgo
fanatyk:/fanatyk-cfg-csgo
Delta9:/delta9-cfg-csgo
xartE:/xarte-cfg-csgo
KasS:/kass-cfg-csgo
derpy:/derpy-cfg-csgo
gAbrieL:/gabriel-cfg-csgo
agR:/agr-cfg-csgo
blaq:/blaq-cfg-csgo
taero:/taero-cfg-csgo
Ag3NtK:/ag3ntk-cfg-csgo
DeniMM:/denimm-cfg-csgo
kzy:/kzy-cfg-csgo
hurtfrisk:/hurtfrisk-cfg-csgo
Polly:/polly-cfg-csgo
freddyyyw:/freddyyyw-cfg-csgo
pashaBiceps:/pashabiceps-cfg-csgo
ravenlot:/ravenlot-cfg-csgo
FUSiON:/fusion-cfg-csgo
horvy:/horvy-cfg-csgo
isolatioN:/isolation-cfg-csgo
chrisJ:/chrisj-cfg-csgo
Reggid:/reggid-cfg-csgo
Edd13:/edd13-cfg-csgo
jemi:/jemi-cfg-csgo
EmaDlz:/emadlz-cfg-csgo
God6y:/god6y-cfg-csgo
SADDYX:/saddyx-cfg-csgo
Nasty:/nasty-cfg-csgo
crisby:/crisby-cfg-csgo
Anhuin:/anhuin-cfg-csgo
STOMP:/stomp-cfg-csgo
Bojjar:/bojjar-cfg-csgo
mchk:/mchk-cfg-csgo
nATSU:/natsu-cfg-csgo
dead:/dead-cfg-csgo
NiK0:/nik0-cfg-csgo
DasSher:/dassher-cfg-csgo
gade:/gade-cfg-csgo
JONESY:/jonesy-cfg-csgo
NABOWOW:/nabowow-cfg-csgo
wrestlight:/wrestlightcfgcsgo
Bogdan:/bogdan-cfg-csgo
paredao:/paredao-cfg-csgo
ayben:/ayben-cfg-csgo
heavy:/heavy-cfg-csgo
flawless:/flawless-cfg-csgo
ArtFr0st:/artfr0st-cfg-csgo
debo:/debo-cfg-csgo
Xerison:/xerison-cfg-csgo
Nosik:/nosik-cfg-csgo
pogor3lov:/pogor3lov-cfg-csgo
Sergiz:/sergiz-cfg-csgo
Wonderful_Y:/wonderful_y-cfg-csgo
melonhead:/melonhead-cfg-csgo
Minor:/minor-cfg-csgo
Quantium:/quantium-cfg-csgo
Neolife:/neolife-cfg-csgo
s7xWn:/s7xwn-cfg-csgo
Forceboy:/forceboy-cfg-csgo
rezn9:/rezn9-cfg-csgo
MyLastChance:/mylastchance-cfg-csgo
numb:/numb-cfg-csgo
virree:/virree-cfg-csgo
sakova:/sakova-cfg-csgo
WHitE:/white-cfg-csgo
fl0m:/fl0m-cfg-csgo
BluePho3nix:/bluepho3nix-cfg-csgo
LaNrefNi:/lanrefni-cfg-csgo
ngiN:/ngin-cfg-csgo
THRONE:/throne-cfg-csgo
ek1ps:/ek1ps-cfg-csgo
imposony:/imposony-cfg-csgo
Empera:/empera-cfg-csgo
bilenko:/bilenko-cfg-csgo
SandeN:/sanden-cfg-csgo
Vaircuss:/vaircuss-cfg-csgo
hadess:/hadess-cfg-csgo
Maki:/maki-cfg-csgo
IDZUO:/idzuo-cfg-csgo
gi:/gi-cfg-csgo
takbok:/takbok-cfg-csgo
kustoM:/kustom-cfg-csgo
Happy:/happy-cfg-csgo
Maniac:/maniac-cfg-csgo
BouLy:/bouly-cfg-csgo
RpK:/rpk-cfg-csgo
jmqa:/jmqa-cfg-csgo
legacy:/legacy-cfg-csgo
dennis:/dennis-cfg-csgo
Relaxa:/relaxa-cfg-csgo
FREDDyFROG:/freddyfrog-cfg-csgo
morex:/morex-cfg-csgo
sashqua:/sashqua-cfg-csgo
ayaya:/ayaya-cfg-csgo
cortez:/cortez-cfg-csgo
HypeNoise:/hypenoise-cfg-csgo
dea:/dea-cfg-csgo
cYkLo:/cyklo-cfg-csgo
PXXRNOjSE:/pxxrnojse-cfg-csgo
oBo:/obo-cfg-csgo
NEUZ:/neuz-cfg-csgo
TIMMO:/timmo-cfg-csgo
BERRY:/berry-cfg-csgo
dOBRIY:/dobriy-cfg-csgo
SANJI:/sanji-cfg-csgo
tAnK:/tank-cfg-csgo
ven9:/ven9-cfg-csgo
Twiksar:/twiksar-cfg-csgo
DZHEIJWEPE:/dzheijwepe-cfg-csgo
1nspireR:/1nspirer-cfg-csgo
Electrix:/electrix-cfg-csgo
fearfox:/fearfox-cfg-csgo
bodyaN:/bodyan-cfg-csgo
Xizt:/xizt-cfg-csgo
spaze:/spaze-cfg-csgo
ayriks:/ayriks-cfg-csgo
t0rick:/t0rick-cfg-csgo
blacktear5:/blacktear5-cfg-csgo
Brens:/brens-cfg-csgo
CaptaiN:/captain-cfg-csgo
z4kr:/z4kr-cfg-csgo
westmelon:/westmelon-cfg-csgo
disco doplan:/disco_doplan-cfg-csgo
expro:/expro-cfg-csgo
SmithZz:/smithzz-cfg-csgo
LUCAS1:/lucas1-cfg-csgo
nak:/nak-cfg-csgo
JUGi:/jugi-cfg-csgo
ISSAA:/issaa-cfg-csgo
DarkS1DE:/darks1de-cfg-csgo
mRSK:/mrsk-cfg-csgo
Nivera:/nivera-cfg-csgo
MODDII:/modii-cfg-csgo
xelos:/xelos-cfg-csgo
hemzk9:/hemzk9-cfg-csgo
fl1peR-:/fl1per-cfg-csgo
lucasp:/lucasp-cfg-csgo
rAge:/rage-cfg-csgo
Maza:/maza-cfg-csgo
yoki:/yoki-cfg-csgo
kissinho:/kissinho-cfg-csgo
fabi:/fabi-cfg-csgo
quix:/quix-cfg-csgo
kaiG:/kaig-cfg-csgo
kalinka:/kalinka-cfg-csgo
crush:/crush-cfg-csgo
zibron:/zibron-cfg-csgo
Immortal:/immortal-cfg-csgo
zyp:/zyp-cfg-csgo
jekuz1h:/jekuz1h-cfg-csgo
holzt:/holzt-cfg-csgo
Killkapi:/killkapi-cfg-csgo
Vanq:/vanq-cfg-csgo
G1elek:/g1elek-cfg-csgo
Lukki:/lukki-cfg-csgo
FANAT ROCKA:/fanat_rocka-cfg-csgo
LavL:/lavl-cfg-csgo
hitMouse:/hitmouse-cfg-csgo
lanqq:/lanqq-cfg-csgo
seNsite:/sensite-cfg-csgo
Electro:/electro-cfg-csgo
EMZ:/emz-cfg-csgo
Per0N:/per0n-cfg-csgo
BLACKEAGLE:/blackeagle-cfg-csgo
Dima:/dima-cfg-csgo
ptr:/ptr-cfg-csgo
WorldEdit:/worldedit-cfg-csgo
mirbit:/mirbit-cfg-csgo
mertz:/mertz-cfg-csgo
TaLkeR:/talker-cfg-csgo
regi57ar:/regi57ar-cfg-csgo
Ex6TenZ:/ex6tenz-cfg-csgo
Janewka:/janewka-cfg-csgo
KrizzeN:/krizzen-cfg-csgo
avis:/avis-cfg-csgo
HUNDEN:/hunden-cfg-csgo
PreSs:/press-cfg-csgo
alter:/alter-cfg-csgo
Mikult:/mikult-cfg-csgo
MadLife:/madlife-cfg-csgo
spiker:/spiker-cfg-csgo
d34dr0ck:/d34dr0ck-cfg-csgo
1uke:/1uke-cfg-csgo
rilax:/rilax-cfg-csgo
Remoy:/remoy-cfg-csgo
heyz1ng:/heyz1ng-cfg-csgo
tarik:/tarik-cfg-csgo
Xeppaa:/xeppaa-cfg-csgo
1ll-:/1ll-cfg-csgo
Maikelele:/maikelele-cfg-csgo
Ethan:/ethan-cfg-csgo
GeT_RiGhT:/get_right-cfg-csgo
Jamppi:/jamppi-cfg-csgo
Hiko:/hiko-cfg-csgo
reN:/ren-cfg-csgo
tonyblack:/tonyblack-cfg-csgo
hiji:/hiji-cfg-csgo
Rampage:/rampage-cfg-csgo
cromen:/cromen-cfg-csgo
netrick:/netrick-cfg-csgo
penny:/penny-cfg-csgo
exebatya:/exebatya-cfg-csgo
TOBIZ:/tobiz-cfg-csgo
Celrate:/celrate-cfg-csgo
gmanchew:/gmanchew-cfg-csgo
pwny:/pwny-cfg-csgo
vanity:/vanity-cfg-csgo
Koshak:/koshak-cfg-csgo
LEGIJA:/legija-cfg-csgo
xms:/xms-cfg-csgo
kioShiMa:/kioshima-cfg-csgo
wayLander:/waylander-cfg-csgo
dimasick:/dimasick-cfg-csgo
It's my:/its_my-cfg-csgo
spat1ch:/spat1ch-cfg-csgo
loWel:/lowel-cfg-csgo
moose:/moose-cfg-csgo
ryann:/ryann-cfg-csgo
AiyvaN:/aiyvan-cfg-csgo
Raider:/raider-cfg-csgo
wippie:/wippie-cfg-csgo
dazzLe:/dazzle-cfg-csgo
Zellsis:/zellsis-cfg-csgo
LETN1:/letn1-cfg-csgo
s0m:/s0m-cfg-csgo
curry:/curry-cfg-csgo
hoody:/hoody-cfg-csgo
sAw:/saw-cfg-csgo
steel:/steel-canada-cfg-csgo
5TRYK#R:/5tryk3r-cfg-csgo
Xoma:/xoma-cfg-csgo
torox:/torox-cfg-csgo
Daisyke:/daisyke-cfg-csgo
oneonese7en:/oneonese7en-cfg-csgo
mauzero:/mauzero-cfg-csgo
uNdo:/undo-cfg-csgo
Wierd_1k:/wierd_1k-cfg-csgo
splaaash:/splaaash-cfg-csgo
food:/food-cfg-csgo
TenZ:/tenz-cfg-csgo
starix:/starix-cfg-csgo
awesome:/awesome-cfg-csgo
enst0n:/enst0n-cfg-csgo
dreaM 4w:/dream_4w-cfg-csgo
kio:/kio
swag:/swag-cfg-csgo
